Id,IsDeleted,MasterRecordId,AccountId,LastName,FirstName,Salutation,Name,OtherStreet,OtherCity,OtherState,OtherPostalCode,OtherCountry,OtherLatitude,OtherLongitude,OtherGeocodeAccuracy,OtherAddress,MailingStreet,MailingCity,MailingState,MailingPostalCode,MailingCountry,MailingLatitude,MailingLongitude,MailingGeocodeAccuracy,MailingAddress,Phone,Fax,MobilePhone,HomePhone,OtherPhone,AssistantPhone,ReportsToId,Email,Title,Department,AssistantName,LeadSource,Birthdate,Description,OwnerId,HasOptedOutOfEmail,HasOptedOutOfFax,DoNotCall,CanAllowPortalSelfReg,CreatedDate,CreatedById,LastModifiedDate,LastModifiedById,SystemModstamp,LastActivityDate,LastCURequestDate,LastCUUpdateDate,LastViewedDate,LastReferencedDate,EmailBouncedReason,EmailBouncedDate,IsEmailBounced,PhotoUrl,Jigsaw,JigsawContactId,IndividualId,External_id__c,Gender__c,Employed__c,Current_Employer__c,Annual_Income__c,Designation__c,Education_Level__c,Housing_Status__c,Driving_License_Number__c,Branch__c
003Ec00000CyOT7IAN,,,,Ryan,Patricia,Mrs.,Patricia Ryan,,,,,,,,,,4228 Emily Walks,Anthonyton,OK,43892,US,,,,"{""city"":""Anthonyton"",""country"":""US"",""geocodeAccuracy"":null,""latitude"":null,""longitude"":null,""postalCode"":""43892"",""state"":""OK"",""street"":""4228 Emily Walks""}",5987002803,,,5121799009,,,,patricia.ryan@example.com,,,,,2000-12-08,,005Ec000004oBPNIA2,,,,,2024-01-23T02:21:49.000+0000,005Ec000004oBPNIA2,2024-01-23T02:21:49.000+0000,005Ec000004oBPNIA2,2024-01-23T02:21:49.000+0000,,,,,,,,,/services/images/photo/003Ec00000CyOT7IAN,,,,crm_contact_73,female,Yes,Juarez PLC,93505,General practice doctor,High School,Rent,DL2229373694,a00Ec000009WFutIAG
003Ec00000Cz30UIAR,,,001Ec00000GGw3hIAD,Brock,Ashley,Mrs.,Ashley Brock,,,,,,,,,,2859 Clark Square,East Aaron,AL,71774,US,,,,"{""city"":""East Aaron"",""country"":""US"",""geocodeAccuracy"":null,""latitude"":null,""longitude"":null,""postalCode"":""71774"",""state"":""AL"",""street"":""2859 Clark Square""}",1552512395,,,1419693619,,,,ashley.brock@example.com,,,,,1982-10-01,,005Ec000004oBPNIA2,,,,,2024-01-23T02:22:55.000+0000,005Ec000004oBPNIA2,2024-01-23T03:54:57.000+0000,005Ec000004oBPNIA2,2024-01-23T03:54:57.000+0000,,,,2024-01-23T03:56:54.000+0000,2024-01-23T03:56:54.000+0000,,,,/services/images/photo/003Ec00000Cz30UIAR,,,,crm_contact_0,female,Yes,"Johnson, Velasquez and Mullins",97637,Radio broadcast assistant,High School,Rent,DL9328229062,a00Ec000009WFuqIAG
003Ec00000Cz30VIAR,,,,Massey,Kelsey,Mrs.,Kelsey Massey,,,,,,,,,,6141 Daniel Lodge Apt. 950,New Tammy,IN,14199,US,,,,"{""city"":""New Tammy"",""country"":""US"",""geocodeAccuracy"":null,""latitude"":null,""longitude"":null,""postalCode"":""14199"",""state"":""IN"",""street"":""6141 Daniel Lodge Apt. 950""}",9032532336,,,4830343123,,,,kelsey.massey@example.com,,,,,1977-06-23,,005Ec000004oBPNIA2,,,,,2024-01-23T02:22:55.000+0000,005Ec000004oBPNIA2,2024-01-23T02:22:55.000+0000,005Ec000004oBPNIA2,2024-01-23T17:49:49.000+0000,2023-04-11,,,,,,,,/services/images/photo/003Ec00000Cz30VIAR,,,,crm_contact_1,female,Yes,"Gonzalez, Gentry and Miller",79181,Firefighter,Master's Degree,Rent,DL6584634992,a00Ec000009WFusIAG
003Ec00000Cz30WIAR,,,,Scott,Shelly,Mr.,Shelly Scott,,,,,,,,,,1086 Donald Mountains Apt. 329,Lake Tonya,CO,73517,US,,,,"{""city"":""Lake Tonya"",""country"":""US"",""geocodeAccuracy"":null,""latitude"":null,""longitude"":null,""postalCode"":""73517"",""state"":""CO"",""street"":""1086 Donald Mountains Apt. 329""}",447773240,,,3248242840,,,,shelly.scott@example.com,,,,,1977-08-06,,005Ec000004oBPNIA2,,,,,2024-01-23T02:22:55.000+0000,005Ec000004oBPNIA2,2024-01-23T02:22:55.000+0000,005Ec000004oBPNIA2,2024-01-23T17:49:49.000+0000,2023-09-05,,,,,,,,/services/images/photo/003Ec00000Cz30WIAR,,,,crm_contact_2,female,Yes,Wilson-Allison,88712,Advertising account executive,High School,Rent,DL8606852527,a00Ec000009WFutIAG
003Ec00000Cz30XIAR,,,,Clark,Melissa,Mr.,Melissa Clark,,,,,,,,,,868 Julia Lakes,Masonfort,SD,61066,US,,,,"{""city"":""Masonfort"",""country"":""US"",""geocodeAccuracy"":null,""latitude"":null,""longitude"":null,""postalCode"":""61066"",""state"":""SD"",""street"":""868 Julia Lakes""}",6924675392,,,1138506342,,,,melissa.clark@example.com,,,,,1942-11-07,,005Ec000004oBPNIA2,,,,,2024-01-23T02:22:55.000+0000,005Ec000004oBPNIA2,2024-01-23T02:22:55.000+0000,005Ec000004oBPNIA2,2024-01-23T02:22:55.000+0000,,,,,,,,,/services/images/photo/003Ec00000Cz30XIAR,,,,crm_contact_3,female,No,,19989,,Ph.D.,Rent,DL5207214646,a00Ec000009WFupIAG
003Ec00000Cz30aIAB,,,001Ec00000GGw3zIAD,Campbell,Kim,Dr.,Kim Campbell,,,,,,,,,,7695 Nancy Burg Apt. 923,Lake Cheryl,NY,38561,US,,,,"{""city"":""Lake Cheryl"",""country"":""US"",""geocodeAccuracy"":null,""latitude"":null,""longitude"":null,""postalCode"":""38561"",""state"":""NY"",""street"":""7695 Nancy Burg Apt. 923""}",8486563211,,,6652562269,,,,kim.campbell@example.com,,,,,2027-08-08,,005Ec000004oBPNIA2,,,,,2024-01-23T02:22:55.000+0000,005Ec000004oBPNIA2,2024-01-23T04:05:07.000+0000,005Ec000004oBPNIA2,2024-01-23T17:49:49.000+0000,2022-10-19,,,,,,,,/services/images/photo/003Ec00000Cz30aIAB,,,,crm_contact_6,female,No,,29179,,High School,Rent,DL1299342773,a00Ec000009WFutIAG
003Ec00000Cz30bIAB,,,,Carrillo,Rebecca,Ms.,Rebecca Carrillo,,,,,,,,,,509 Sarah Course Apt. 353,Tracyborough,ID,92675,US,,,,"{""city"":""Tracyborough"",""country"":""US"",""geocodeAccuracy"":null,""latitude"":null,""longitude"":null,""postalCode"":""92675"",""state"":""ID"",""street"":""509 Sarah Course Apt. 353""}",7184450119,,,4194323825,,,,rebecca.carrillo@example.com,,,,,2028-04-21,,005Ec000004oBPNIA2,,,,,2024-01-23T02:22:55.000+0000,005Ec000004oBPNIA2,2024-01-23T02:22:55.000+0000,005Ec000004oBPNIA2,2024-01-23T17:49:49.000+0000,2023-09-21,,,,,,,,/services/images/photo/003Ec00000Cz30bIAB,,,,crm_contact_7,female,No,,25150,,Bachelor's Degree,Rent,DL6650158228,a00Ec000009WFusIAG
003Ec00000Cz30cIAB,,,,Tran,Catherine,Dr.,Catherine Tran,,,,,,,,,,9352 Bowen Underpass,Kimberlyview,MS,10924,US,,,,"{""city"":""Kimberlyview"",""country"":""US"",""geocodeAccuracy"":null,""latitude"":null,""longitude"":null,""postalCode"":""10924"",""state"":""MS"",""street"":""9352 Bowen Underpass""}",6244107396,,,9345450571,,,,catherine.tran@example.com,,,,,1982-11-30,,005Ec000004oBPNIA2,,,,,2024-01-23T02:22:55.000+0000,005Ec000004oBPNIA2,2024-01-23T02:22:55.000+0000,005Ec000004oBPNIA2,2024-01-23T17:49:49.000+0000,2022-03-18,,,,,,,,/services/images/photo/003Ec00000Cz30cIAB,,,,crm_contact_8,female,Yes,Richards PLC,121944,Archaeologist,Ph.D.,Rent,DL4539649757,a00Ec000009WFurIAG
003Ec00000Cz30hIAB,,,001Ec00000GGw3jIAD,Bryant,Aaron,Ms.,Aaron Bryant,,,,,,,,,,2909 Randy Mews Suite 087,Mcdonaldville,CT,50574,US,,,,"{""city"":""Mcdonaldville"",""country"":""US"",""geocodeAccuracy"":null,""latitude"":null,""longitude"":null,""postalCode"":""50574"",""state"":""CT"",""street"":""2909 Randy Mews Suite 087""}",2456431846,,,4614307543,,,,aaron.bryant@example.com,,,,,1958-12-19,,005Ec000004oBPNIA2,,,,,2024-01-23T02:22:55.000+0000,005Ec000004oBPNIA2,2024-01-23T04:05:07.000+0000,005Ec000004oBPNIA2,2024-01-23T17:49:49.000+0000,2023-08-28,,,2024-01-23T03:58:15.000+0000,2024-01-23T03:58:15.000+0000,,,,/services/images/photo/003Ec00000Cz30hIAB,,,,crm_contact_13,male,Yes,Guerra LLC,127456,Risk manager,Ph.D.,Rent,DL5705597438,a00Ec000009WFupIAG
003Ec00000Cz30iIAB,,,,Mullins,Susan,Mrs.,Susan Mullins,,,,,,,,,,1525 Paula Curve Suite 659,Taylorbury,LA,69093,US,,,,"{""city"":""Taylorbury"",""country"":""US"",""geocodeAccuracy"":null,""latitude"":null,""longitude"":null,""postalCode"":""69093"",""state"":""LA"",""street"":""1525 Paula Curve Suite 659""}",5132311710,,,531577786,,,,susan.mullins@example.com,,,,,1962-04-10,,005Ec000004oBPNIA2,,,,,2024-01-23T02:22:55.000+0000,005Ec000004oBPNIA2,2024-01-23T02:22:55.000+0000,005Ec000004oBPNIA2,2024-01-23T17:49:49.000+0000,2022-09-06,,,,,,,,/services/images/photo/003Ec00000Cz30iIAB,,,,crm_contact_14,female,Yes,Vaughan LLC,122806,Race relations officer,High School,Own,DL3961518645,a00Ec000009WFupIAG
003Ec00000Cz30kIAB,,,,Torres,Kevin,Mrs.,Kevin Torres,,,,,,,,,,112 Moss Centers,Port Paula,PW,19374,US,,,,"{""city"":""Port Paula"",""country"":""US"",""geocodeAccuracy"":null,""latitude"":null,""longitude"":null,""postalCode"":""19374"",""state"":""PW"",""street"":""112 Moss Centers""}",4290806143,,,7616844988,,,,kevin.torres@example.com,,,,,1948-04-27,,005Ec000004oBPNIA2,,,,,2024-01-23T02:22:55.000+0000,005Ec000004oBPNIA2,2024-01-23T02:22:55.000+0000,005Ec000004oBPNIA2,2024-01-23T02:22:55.000+0000,,,,,,,,,/services/images/photo/003Ec00000Cz30kIAB,,,,crm_contact_16,male,No,,27351,,Master's Degree,Rent,DL6667231671,a00Ec000009WFurIAG
003Ec00000Cz30pIAB,,,,Jones,Stephanie,Mr.,Stephanie Jones,,,,,,,,,,2924 House Island,Michaelport,NH,23367,US,,,,"{""city"":""Michaelport"",""country"":""US"",""geocodeAccuracy"":null,""latitude"":null,""longitude"":null,""postalCode"":""23367"",""state"":""NH"",""street"":""2924 House Island""}",9454775105,,,307926582,,,,stephanie.jones@example.com,,,,,1977-09-17,,005Ec000004oBPNIA2,,,,,2024-01-23T02:22:55.000+0000,005Ec000004oBPNIA2,2024-01-23T02:22:55.000+0000,005Ec000004oBPNIA2,2024-01-23T17:49:49.000+0000,2022-06-26,,,,,,,,/services/images/photo/003Ec00000Cz30pIAB,,,,crm_contact_21,female,Yes,"Smith, Roberts and Brooks",94958,Ecologist,Master's Degree,Rent,DL5282413121,a00Ec000009WFurIAG
003Ec00000Cz30qIAB,,,,Castro,John,Ms.,John Castro,,,,,,,,,,5860 Mack Fords,Anthonyfurt,MT,25381,US,,,,"{""city"":""Anthonyfurt"",""country"":""US"",""geocodeAccuracy"":null,""latitude"":null,""longitude"":null,""postalCode"":""25381"",""state"":""MT"",""street"":""5860 Mack Fords""}",2006521318,,,2463188187,,,,john.castro@example.com,,,,,2003-08-15,,005Ec000004oBPNIA2,,,,,2024-01-23T02:22:55.000+0000,005Ec000004oBPNIA2,2024-01-23T02:22:55.000+0000,005Ec000004oBPNIA2,2024-01-23T17:49:49.000+0000,2023-08-27,,,,,,,,/services/images/photo/003Ec00000Cz30qIAB,,,,crm_contact_22,male,Yes,Hancock PLC,68520,Equities trader,High School,Rent,DL6376907580,a00Ec000009WFurIAG
003Ec00000Cz30tIAB,,,,Rodriguez,Erica,Mrs.,Erica Rodriguez,,,,,,,,,,5072 Huff Views,New Charles,IN,7725,US,,,,"{""city"":""New Charles"",""country"":""US"",""geocodeAccuracy"":null,""latitude"":null,""longitude"":null,""postalCode"":""7725"",""state"":""IN"",""street"":""5072 Huff Views""}",6061538197,,,8116729647,,,,erica.rodriguez@example.com,,,,,1957-01-14,,005Ec000004oBPNIA2,,,,,2024-01-23T02:22:55.000+0000,005Ec000004oBPNIA2,2024-01-23T02:22:55.000+0000,005Ec000004oBPNIA2,2024-01-23T17:49:49.000+0000,2022-11-16,,,,,,,,/services/images/photo/003Ec00000Cz30tIAB,,,,crm_contact_25,female,Yes,"Hudson, Brown and Thompson",138329,Historic buildings inspector/conservation officer,Master's Degree,Rent,DL3308838287,a00Ec000009WFutIAG
003Ec00000Cz30uIAB,,,,Robinson,Caleb,Mrs.,Caleb Robinson,,,,,,,,,,920 Nicole Overpass Apt. 798,North Angela,MI,62359,US,,,,"{""city"":""North Angela"",""country"":""US"",""geocodeAccuracy"":null,""latitude"":null,""longitude"":null,""postalCode"":""62359"",""state"":""MI"",""street"":""920 Nicole Overpass Apt. 798""}",4429519570,,,9717947093,,,,caleb.robinson@example.com,,,,,1964-10-09,,005Ec000004oBPNIA2,,,,,2024-01-23T02:22:55.000+0000,005Ec000004oBPNIA2,2024-01-23T02:22:55.000+0000,005Ec000004oBPNIA2,2024-01-23T17:49:49.000+0000,2023-11-10,,,,,,,,/services/images/photo/003Ec00000Cz30uIAB,,,,crm_contact_26,male,Yes,Marks PLC,133105,Psychiatrist,Bachelor's Degree,Rent,DL5769174815,a00Ec000009WFurIAG
003Ec00000Cz30wIAB,,,,Miles,Brett,Mrs.,Brett Miles,,,,,,,,,,0629 Hunter Path Suite 168,West Kathleen,TN,32922,US,,,,"{""city"":""West Kathleen"",""country"":""US"",""geocodeAccuracy"":null,""latitude"":null,""longitude"":null,""postalCode"":""32922"",""state"":""TN"",""street"":""0629 Hunter Path Suite 168""}",8418025589,,,7192592093,,,,brett.miles@example.com,,,,,1968-09-10,,005Ec000004oBPNIA2,,,,,2024-01-23T02:22:55.000+0000,005Ec000004oBPNIA2,2024-01-23T02:22:55.000+0000,005Ec000004oBPNIA2,2024-01-23T02:22:55.000+0000,,,,,,,,,/services/images/photo/003Ec00000Cz30wIAB,,,,crm_contact_28,male,Yes,Beasley-Walker,136592,Clinical cytogeneticist,Ph.D.,Own,DL7058323811,a00Ec000009WFupIAG
003Ec00000Cz30yIAB,,,,Franklin,Daniel,Mr.,Daniel Franklin,,,,,,,,,,261 Carroll Passage Suite 163,Morrisland,MI,25251,US,,,,"{""city"":""Morrisland"",""country"":""US"",""geocodeAccuracy"":null,""latitude"":null,""longitude"":null,""postalCode"":""25251"",""state"":""MI"",""street"":""261 Carroll Passage Suite 163""}",2281792412,,,768567823,,,,daniel.franklin@example.com,,,,,1992-08-23,,005Ec000004oBPNIA2,,,,,2024-01-23T02:22:55.000+0000,005Ec000004oBPNIA2,2024-01-23T02:22:55.000+0000,005Ec000004oBPNIA2,2024-01-23T17:49:49.000+0000,2023-03-26,,,,,,,,/services/images/photo/003Ec00000Cz30yIAB,,,,crm_contact_30,male,Yes,Cummings LLC,132918,"Engineer, structural",High School,Rent,DL2320249361,a00Ec000009WFupIAG
003Ec00000Cz30zIAB,,,,Hall,Elizabeth,Ms.,Elizabeth Hall,,,,,,,,,,603 Erica Pike Suite 987,Wilsonborough,MP,45804,US,,,,"{""city"":""Wilsonborough"",""country"":""US"",""geocodeAccuracy"":null,""latitude"":null,""longitude"":null,""postalCode"":""45804"",""state"":""MP"",""street"":""603 Erica Pike Suite 987""}",703484822,,,382038595,,,,elizabeth.hall@example.com,,,,,1936-09-18,,005Ec000004oBPNIA2,,,,,2024-01-23T02:22:55.000+0000,005Ec000004oBPNIA2,2024-01-23T02:22:55.000+0000,005Ec000004oBPNIA2,2024-01-23T17:49:49.000+0000,2023-11-27,,,,,,,,/services/images/photo/003Ec00000Cz30zIAB,,,,crm_contact_31,female,Yes,"Howell, Johnson and Vasquez",122357,Recruitment consultant,High School,Rent,DL6009235490,a00Ec000009WFutIAG
003Ec00000Cz310IAB,,,,Estes,Cheryl,Mrs.,Cheryl Estes,,,,,,,,,,5284 Hays Road,Markburgh,VT,18784,US,,,,"{""city"":""Markburgh"",""country"":""US"",""geocodeAccuracy"":null,""latitude"":null,""longitude"":null,""postalCode"":""18784"",""state"":""VT"",""street"":""5284 Hays Road""}",5391320569,,,3944841300,,,,cheryl.estes@example.com,,,,,1994-07-03,,005Ec000004oBPNIA2,,,,,2024-01-23T02:22:55.000+0000,005Ec000004oBPNIA2,2024-01-23T02:22:55.000+0000,005Ec000004oBPNIA2,2024-01-23T17:49:49.000+0000,2023-04-02,,,,,,,,/services/images/photo/003Ec00000Cz310IAB,,,,crm_contact_32,female,Yes,Evans LLC,58323,Office manager,Master's Degree,Own,DL3708509012,a00Ec000009WFuqIAG
003Ec00000Cz313IAB,,,,Phillips,Denise,Mr.,Denise Phillips,,,,,,,,,,0952 Garcia Keys,North Josephberg,FM,38604,US,,,,"{""city"":""North Josephberg"",""country"":""US"",""geocodeAccuracy"":null,""latitude"":null,""longitude"":null,""postalCode"":""38604"",""state"":""FM"",""street"":""0952 Garcia Keys""}",9628914928,,,4284918835,,,,denise.phillips@example.com,,,,,2028-01-11,,005Ec000004oBPNIA2,,,,,2024-01-23T02:22:55.000+0000,005Ec000004oBPNIA2,2024-01-23T02:22:55.000+0000,005Ec000004oBPNIA2,2024-01-23T17:49:49.000+0000,2023-11-15,,,,,,,,/services/images/photo/003Ec00000Cz313IAB,,,,crm_contact_35,female,Yes,Brown and Sons,133444,Pathologist,Bachelor's Degree,Rent,DL3788859608,a00Ec000009WFusIAG
003Ec00000Cz314IAB,,,,Aguilar,Amber,Dr.,Amber Aguilar,,,,,,,,,,6552 Hall Summit Suite 068,Lake Joeside,NM,66461,US,,,,"{""city"":""Lake Joeside"",""country"":""US"",""geocodeAccuracy"":null,""latitude"":null,""longitude"":null,""postalCode"":""66461"",""state"":""NM"",""street"":""6552 Hall Summit Suite 068""}",5276469310,,,1089140465,,,,amber.aguilar@example.com,,,,,1961-10-14,,005Ec000004oBPNIA2,,,,,2024-01-23T02:22:55.000+0000,005Ec000004oBPNIA2,2024-01-23T02:22:55.000+0000,005Ec000004oBPNIA2,2024-01-23T17:49:49.000+0000,2023-09-18,,,,,,,,/services/images/photo/003Ec00000Cz314IAB,,,,crm_contact_36,female,Yes,Lopez Inc,47641,Rural practice surveyor,Bachelor's Degree,Rent,DL3302357628,a00Ec000009WFutIAG
003Ec00000Cz31EIAR,,,,Rice,Jeffrey,Dr.,Jeffrey Rice,,,,,,,,,,1910 Natasha Landing Suite 390,Bobbyberg,VT,61343,US,,,,"{""city"":""Bobbyberg"",""country"":""US"",""geocodeAccuracy"":null,""latitude"":null,""longitude"":null,""postalCode"":""61343"",""state"":""VT"",""street"":""1910 Natasha Landing Suite 390""}",2036843629,,,9585877519,,,,jeffrey.rice@example.com,,,,,1943-09-16,,005Ec000004oBPNIA2,,,,,2024-01-23T02:22:55.000+0000,005Ec000004oBPNIA2,2024-01-23T02:22:55.000+0000,005Ec000004oBPNIA2,2024-01-23T17:49:49.000+0000,2023-09-30,,,,,,,,/services/images/photo/003Ec00000Cz31EIAR,,,,crm_contact_46,male,Yes,"Castillo, Richardson and Cunningham",105833,Scientific laboratory technician,Bachelor's Degree,Rent,DL9717124601,a00Ec000009WFuqIAG
003Ec00000Cz31FIAR,,,,Mitchell,David,Dr.,David Mitchell,,,,,,,,,,140 Julia Ports Suite 574,Stevenhaven,MH,63855,US,,,,"{""city"":""Stevenhaven"",""country"":""US"",""geocodeAccuracy"":null,""latitude"":null,""longitude"":null,""postalCode"":""63855"",""state"":""MH"",""street"":""140 Julia Ports Suite 574""}",7661226805,,,3547424951,,,,david.mitchell@example.com,,,,,1931-11-04,,005Ec000004oBPNIA2,,,,,2024-01-23T02:22:55.000+0000,005Ec000004oBPNIA2,2024-01-23T02:22:55.000+0000,005Ec000004oBPNIA2,2024-01-23T17:49:49.000+0000,2023-10-01,,,,,,,,/services/images/photo/003Ec00000Cz31FIAR,,,,crm_contact_47,male,Yes,Jackson-Stevenson,77917,Chiropractor,Ph.D.,Own,DL6287704245,a00Ec000009WFuqIAG
003Ec00000Cz31GIAR,,,001Ec00000GGw40IAD,Jensen,Michael,Dr.,Michael Jensen,,,,,,,,,,083 Clark Forest,Tarabury,SC,47455,US,,,,"{""city"":""Tarabury"",""country"":""US"",""geocodeAccuracy"":null,""latitude"":null,""longitude"":null,""postalCode"":""47455"",""state"":""SC"",""street"":""083 Clark Forest""}",7884605571,,,1727046718,,,,michael.jensen@example.com,,,,,1930-07-25,,005Ec000004oBPNIA2,,,,,2024-01-23T02:22:55.000+0000,005Ec000004oBPNIA2,2024-01-23T04:05:07.000+0000,005Ec000004oBPNIA2,2024-01-23T17:49:49.000+0000,2022-03-26,,,,,,,,/services/images/photo/003Ec00000Cz31GIAR,,,,crm_contact_48,male,Yes,Dean LLC,80623,Marine scientist,High School,Rent,DL6847611149,a00Ec000009WFupIAG
003Ec00000Cz31HIAR,,,001Ec00000GGw3qIAD,Andrews,Richard,Mrs.,Richard Andrews,,,,,,,,,,2044 Jackson Street,Juliemouth,AS,55012,US,,,,"{""city"":""Juliemouth"",""country"":""US"",""geocodeAccuracy"":null,""latitude"":null,""longitude"":null,""postalCode"":""55012"",""state"":""AS"",""street"":""2044 Jackson Street""}",7187661796,,,9752606699,,,,richard.andrews@example.com,,,,,1959-04-02,,005Ec000004oBPNIA2,,,,,2024-01-23T02:22:55.000+0000,005Ec000004oBPNIA2,2024-01-23T04:05:07.000+0000,005Ec000004oBPNIA2,2024-01-23T17:49:49.000+0000,2023-04-03,,,,,,,,/services/images/photo/003Ec00000Cz31HIAR,,,,crm_contact_49,male,Yes,"Weber, Hernandez and Gentry",48569,General practice doctor,Bachelor's Degree,Rent,DL6744501483,a00Ec000009WFutIAG
003Ec00000Cz31IIAR,,,,Johnson,Madison,Ms.,Madison Johnson,,,,,,,,,,0219 Graham Springs,Murphyton,UT,19139,US,,,,"{""city"":""Murphyton"",""country"":""US"",""geocodeAccuracy"":null,""latitude"":null,""longitude"":null,""postalCode"":""19139"",""state"":""UT"",""street"":""0219 Graham Springs""}",1520969621,,,8156621203,,,,madison.johnson@example.com,,,,,1954-12-20,,005Ec000004oBPNIA2,,,,,2024-01-23T02:22:55.000+0000,005Ec000004oBPNIA2,2024-01-23T02:22:55.000+0000,005Ec000004oBPNIA2,2024-01-23T17:49:49.000+0000,2023-03-15,,,,,,,,/services/images/photo/003Ec00000Cz31IIAR,,,,crm_contact_50,female,Yes,Hicks PLC,45085,Naval architect,Master's Degree,Rent,DL4415354617,a00Ec000009WFupIAG
003Ec00000Cz31LIAR,,,,Ballard,John,Ms.,John Ballard,,,,,,,,,,541 Drake Freeway,West Johnstad,MS,42481,US,,,,"{""city"":""West Johnstad"",""country"":""US"",""geocodeAccuracy"":null,""latitude"":null,""longitude"":null,""postalCode"":""42481"",""state"":""MS"",""street"":""541 Drake Freeway""}",9380054552,,,259088950,,,,john.ballard@example.com,,,,,1970-09-03,,005Ec000004oBPNIA2,,,,,2024-01-23T02:22:55.000+0000,005Ec000004oBPNIA2,2024-01-23T02:22:55.000+0000,005Ec000004oBPNIA2,2024-01-23T02:22:55.000+0000,,,,,,,,,/services/images/photo/003Ec00000Cz31LIAR,,,,crm_contact_53,male,Yes,Hines PLC,45428,Management consultant,Ph.D.,Rent,DL4652733876,a00Ec000009WFupIAG
003Ec00000Cz31MIAR,,,,Woods,Luke,Dr.,Luke Woods,,,,,,,,,,251 Francisco Well,Wilsonshire,PW,66766,US,,,,"{""city"":""Wilsonshire"",""country"":""US"",""geocodeAccuracy"":null,""latitude"":null,""longitude"":null,""postalCode"":""66766"",""state"":""PW"",""street"":""251 Francisco Well""}",6588766422,,,4967080034,,,,luke.woods@example.com,,,,,1958-05-07,,005Ec000004oBPNIA2,,,,,2024-01-23T02:22:55.000+0000,005Ec000004oBPNIA2,2024-01-23T02:22:55.000+0000,005Ec000004oBPNIA2,2024-01-23T02:22:55.000+0000,,,,,,,,,/services/images/photo/003Ec00000Cz31MIAR,,,,crm_contact_54,male,Yes,"Brown, Solis and Wagner",144188,Interpreter,High School,Rent,DL3894135296,a00Ec000009WFurIAG
003Ec00000Cz31NIAR,,,,Stout,John,Mr.,John Stout,,,,,,,,,,5792 Emily Parkway Apt. 854,Roseport,MS,81361,US,,,,"{""city"":""Roseport"",""country"":""US"",""geocodeAccuracy"":null,""latitude"":null,""longitude"":null,""postalCode"":""81361"",""state"":""MS"",""street"":""5792 Emily Parkway Apt. 854""}",5344729388,,,2222596715,,,,john.stout@example.com,,,,,1981-10-20,,005Ec000004oBPNIA2,,,,,2024-01-23T02:22:55.000+0000,005Ec000004oBPNIA2,2024-01-23T02:22:55.000+0000,005Ec000004oBPNIA2,2024-01-23T17:49:49.000+0000,2022-10-05,,,,,,,,/services/images/photo/003Ec00000Cz31NIAR,,,,crm_contact_55,male,Yes,"Bell, Soto and Johnson",88993,"Geologist, wellsite",Master's Degree,Rent,DL6832091885,a00Ec000009WFusIAG
003Ec00000Cz31OIAR,,,,Stanton,Katie,Ms.,Katie Stanton,,,,,,,,,,8729 Medina Meadow,Carmenfurt,MS,18400,US,,,,"{""city"":""Carmenfurt"",""country"":""US"",""geocodeAccuracy"":null,""latitude"":null,""longitude"":null,""postalCode"":""18400"",""state"":""MS"",""street"":""8729 Medina Meadow""}",2973425459,,,5631054934,,,,katie.stanton@example.com,,,,,1974-05-16,,005Ec000004oBPNIA2,,,,,2024-01-23T02:22:55.000+0000,005Ec000004oBPNIA2,2024-01-23T02:22:55.000+0000,005Ec000004oBPNIA2,2024-01-23T02:22:55.000+0000,,,,,,,,,/services/images/photo/003Ec00000Cz31OIAR,,,,crm_contact_56,female,Yes,"Martinez, Vasquez and Gregory",33892,"Engineer, structural",Bachelor's Degree,Own,DL5834170592,a00Ec000009WFutIAG
003Ec00000Cz31PIAR,,,001Ec00000GGw3mIAD,Berger,Nicholas,Dr.,Nicholas Berger,,,,,,,,,,0917 Craig Island Apt. 090,Kristinaton,MP,84975,US,,,,"{""city"":""Kristinaton"",""country"":""US"",""geocodeAccuracy"":null,""latitude"":null,""longitude"":null,""postalCode"":""84975"",""state"":""MP"",""street"":""0917 Craig Island Apt. 090""}",1770677238,,,7820894583,,,,nicholas.berger@example.com,,,,,1968-01-02,,005Ec000004oBPNIA2,,,,,2024-01-23T02:22:55.000+0000,005Ec000004oBPNIA2,2024-01-23T04:05:07.000+0000,005Ec000004oBPNIA2,2024-01-23T17:49:49.000+0000,2023-06-24,,,,,,,,/services/images/photo/003Ec00000Cz31PIAR,,,,crm_contact_57,male,Yes,"Parks, Franklin and Malone",66584,"Optician, dispensing",Master's Degree,Own,DL2208485768,a00Ec000009WFusIAG
003Ec00000Cz31QIAR,,,,Garcia,Amanda,Ms.,Amanda Garcia,,,,,,,,,,4657 Teresa Wall,Millerburgh,ND,54359,US,,,,"{""city"":""Millerburgh"",""country"":""US"",""geocodeAccuracy"":null,""latitude"":null,""longitude"":null,""postalCode"":""54359"",""state"":""ND"",""street"":""4657 Teresa Wall""}",3767972409,,,8156092434,,,,amanda.garcia@example.com,,,,,1939-04-25,,005Ec000004oBPNIA2,,,,,2024-01-23T02:22:55.000+0000,005Ec000004oBPNIA2,2024-01-23T02:22:55.000+0000,005Ec000004oBPNIA2,2024-01-23T02:22:55.000+0000,,,,,,,,,/services/images/photo/003Ec00000Cz31QIAR,,,,crm_contact_58,female,Yes,"Farmer, Smith and Hunt",64186,Emergency planning/management officer,Ph.D.,Rent,DL8420597141,a00Ec000009WFupIAG
003Ec00000Cz31UIAR,,,,Clark,Michelle,Mr.,Michelle Clark,,,,,,,,,,14562 Brittany Creek,Hooverbury,AK,86775,US,,,,"{""city"":""Hooverbury"",""country"":""US"",""geocodeAccuracy"":null,""latitude"":null,""longitude"":null,""postalCode"":""86775"",""state"":""AK"",""street"":""14562 Brittany Creek""}",8545899425,,,1061777322,,,,michelle.clark@example.com,,,,,1949-06-02,,005Ec000004oBPNIA2,,,,,2024-01-23T02:22:55.000+0000,005Ec000004oBPNIA2,2024-01-23T02:22:55.000+0000,005Ec000004oBPNIA2,2024-01-23T17:49:49.000+0000,2023-10-16,,,,,,,,/services/images/photo/003Ec00000Cz31UIAR,,,,crm_contact_62,female,Yes,"Diaz, Castillo and Walker",50469,"Doctor, general practice",High School,Rent,DL2109811596,a00Ec000009WFutIAG
003Ec00000Cz31WIAR,,,001Ec00000GGw3pIAD,Garza,Kenneth,Mr.,Kenneth Garza,,,,,,,,,,8224 Moore Station,Lake Andrew,NY,16713,US,,,,"{""city"":""Lake Andrew"",""country"":""US"",""geocodeAccuracy"":null,""latitude"":null,""longitude"":null,""postalCode"":""16713"",""state"":""NY"",""street"":""8224 Moore Station""}",7037104610,,,1271169259,,,,kenneth.garza@example.com,,,,,1995-05-25,,005Ec000004oBPNIA2,,,,,2024-01-23T02:22:55.000+0000,005Ec000004oBPNIA2,2024-01-23T04:05:07.000+0000,005Ec000004oBPNIA2,2024-01-23T17:49:49.000+0000,2023-09-16,,,,,,,,/services/images/photo/003Ec00000Cz31WIAR,,,,crm_contact_64,male,Yes,Thomas and Sons,116505,Forest/woodland manager,Bachelor's Degree,Rent,DL8865323337,a00Ec000009WFuqIAG
003Ec00000Cz31aIAB,,,,Strong,Nicole,Mrs.,Nicole Strong,,,,,,,,,,3128 Washington Land Suite 465,Port Nicholasmouth,MO,16627,US,,,,"{""city"":""Port Nicholasmouth"",""country"":""US"",""geocodeAccuracy"":null,""latitude"":null,""longitude"":null,""postalCode"":""16627"",""state"":""MO"",""street"":""3128 Washington Land Suite 465""}",760104487,,,7436264173,,,,nicole.strong@example.com,,,,,1968-04-03,,005Ec000004oBPNIA2,,,,,2024-01-23T02:22:55.000+0000,005Ec000004oBPNIA2,2024-01-23T02:22:55.000+0000,005Ec000004oBPNIA2,2024-01-23T17:49:49.000+0000,2023-07-08,,,,,,,,/services/images/photo/003Ec00000Cz31aIAB,,,,crm_contact_68,female,Yes,"Jordan, Holt and Bass",94029,"Accountant, chartered certified",Master's Degree,Rent,DL7506069376,a00Ec000009WFusIAG
003Ec00000Cz31bIAB,,,,Alexander,James,Mr.,James Alexander,,,,,,,,,,098 Rachel Viaduct Suite 339,Lake Connor,TN,66805,US,,,,"{""city"":""Lake Connor"",""country"":""US"",""geocodeAccuracy"":null,""latitude"":null,""longitude"":null,""postalCode"":""66805"",""state"":""TN"",""street"":""098 Rachel Viaduct Suite 339""}",8629811605,,,1679659457,,,,james.alexander@example.com,,,,,1945-02-21,,005Ec000004oBPNIA2,,,,,2024-01-23T02:22:55.000+0000,005Ec000004oBPNIA2,2024-01-23T02:22:55.000+0000,005Ec000004oBPNIA2,2024-01-23T17:49:49.000+0000,2022-01-07,,,,,,,,/services/images/photo/003Ec00000Cz31bIAB,,,,crm_contact_69,male,Yes,Yates PLC,130719,Corporate treasurer,Ph.D.,Rent,DL3306017916,a00Ec000009WFuqIAG
003Ec00000Cz31fIAB,,,,Harris,Gina,Mrs.,Gina Harris,,,,,,,,,,2328 Cody Gateway,West Sheilaport,MA,3786,US,,,,"{""city"":""West Sheilaport"",""country"":""US"",""geocodeAccuracy"":null,""latitude"":null,""longitude"":null,""postalCode"":""3786"",""state"":""MA"",""street"":""2328 Cody Gateway""}",7654897897,,,6915174376,,,,gina.harris@example.com,,,,,1991-01-01,,005Ec000004oBPNIA2,,,,,2024-01-23T02:22:55.000+0000,005Ec000004oBPNIA2,2024-01-23T02:22:55.000+0000,005Ec000004oBPNIA2,2024-01-23T17:49:49.000+0000,2023-11-14,,,,,,,,/services/images/photo/003Ec00000Cz31fIAB,,,,crm_contact_74,female,Yes,"Gray, Perez and Goodman",115221,Environmental manager,Master's Degree,Rent,DL6992497713,a00Ec000009WFutIAG
003Ec00000Cz31hIAB,,,,Woods,Brian,Ms.,Brian Woods,,,,,,,,,,560 Castro Gateway,West Timothy,WA,65439,US,,,,"{""city"":""West Timothy"",""country"":""US"",""geocodeAccuracy"":null,""latitude"":null,""longitude"":null,""postalCode"":""65439"",""state"":""WA"",""street"":""560 Castro Gateway""}",7248943236,,,7935679855,,,,brian.woods@example.com,,,,,2001-02-02,,005Ec000004oBPNIA2,,,,,2024-01-23T02:22:55.000+0000,005Ec000004oBPNIA2,2024-01-23T02:22:55.000+0000,005Ec000004oBPNIA2,2024-01-23T17:49:49.000+0000,2022-06-09,,,,,,,,/services/images/photo/003Ec00000Cz31hIAB,,,,crm_contact_76,male,Yes,"Ramirez, Hunter and Wong",111963,Management consultant,Master's Degree,Rent,DL7556605952,a00Ec000009WFurIAG
003Ec00000Cz31iIAB,,,,Lowery,Matthew,Mr.,Matthew Lowery,,,,,,,,,,116 Curtis Tunnel Apt. 946,North Joanne,CA,91470,US,,,,"{""city"":""North Joanne"",""country"":""US"",""geocodeAccuracy"":null,""latitude"":null,""longitude"":null,""postalCode"":""91470"",""state"":""CA"",""street"":""116 Curtis Tunnel Apt. 946""}",4634873610,,,5123517396,,,,matthew.lowery@example.com,,,,,1982-09-24,,005Ec000004oBPNIA2,,,,,2024-01-23T02:22:55.000+0000,005Ec000004oBPNIA2,2024-01-23T02:22:55.000+0000,005Ec000004oBPNIA2,2024-01-23T17:49:49.000+0000,2023-09-13,,,,,,,,/services/images/photo/003Ec00000Cz31iIAB,,,,crm_contact_77,male,Yes,Baker Group,80131,Corporate investment banker,High School,Own,DL3192566460,a00Ec000009WFurIAG
003Ec00000Cz31jIAB,,,,Villarreal,Gina,Ms.,Gina Villarreal,,,,,,,,,,061 Marc Gateway,South Amanda,GU,88349,US,,,,"{""city"":""South Amanda"",""country"":""US"",""geocodeAccuracy"":null,""latitude"":null,""longitude"":null,""postalCode"":""88349"",""state"":""GU"",""street"":""061 Marc Gateway""}",5560928852,,,3425988455,,,,gina.villarreal@example.com,,,,,1945-07-26,,005Ec000004oBPNIA2,,,,,2024-01-23T02:22:55.000+0000,005Ec000004oBPNIA2,2024-01-23T02:22:55.000+0000,005Ec000004oBPNIA2,2024-01-23T02:22:55.000+0000,,,,,,,,,/services/images/photo/003Ec00000Cz31jIAB,,,,crm_contact_78,female,Yes,Foley-Contreras,79066,Tree surgeon,Master's Degree,Own,DL2775905148,a00Ec000009WFupIAG
003Ec00000Cz31kIAB,,,,Pearson,Emily,Ms.,Emily Pearson,,,,,,,,,,124 Fuller Summit Apt. 722,East Saraburgh,AR,8109,US,,,,"{""city"":""East Saraburgh"",""country"":""US"",""geocodeAccuracy"":null,""latitude"":null,""longitude"":null,""postalCode"":""8109"",""state"":""AR"",""street"":""124 Fuller Summit Apt. 722""}",3927807933,,,8097440170,,,,emily.pearson@example.com,,,,,1944-06-06,,005Ec000004oBPNIA2,,,,,2024-01-23T02:22:55.000+0000,005Ec000004oBPNIA2,2024-01-23T02:22:55.000+0000,005Ec000004oBPNIA2,2024-01-23T17:49:49.000+0000,2023-07-13,,,,,,,,/services/images/photo/003Ec00000Cz31kIAB,,,,crm_contact_79,female,Yes,"Griffith, Lyons and Booth",74435,Senior tax professional/tax inspector,Ph.D.,Own,DL7959529843,a00Ec000009WFurIAG
003Ec00000Cz31mIAB,,,,Guerra,Duane,Mr.,Duane Guerra,,,,,,,,,,84303 Matthew Crescent,North Timothyborough,NY,98408,US,,,,"{""city"":""North Timothyborough"",""country"":""US"",""geocodeAccuracy"":null,""latitude"":null,""longitude"":null,""postalCode"":""98408"",""state"":""NY"",""street"":""84303 Matthew Crescent""}",1736412244,,,9074133972,,,,duane.guerra@example.com,,,,,1931-12-08,,005Ec000004oBPNIA2,,,,,2024-01-23T02:22:55.000+0000,005Ec000004oBPNIA2,2024-01-23T02:22:55.000+0000,005Ec000004oBPNIA2,2024-01-23T17:49:49.000+0000,2023-11-30,,,,,,,,/services/images/photo/003Ec00000Cz31mIAB,,,,crm_contact_81,male,Yes,Castro-Terry,82648,Personnel officer,High School,Rent,DL3226874119,a00Ec000009WFurIAG
003Ec00000Cz31nIAB,,,,Berger,Omar,Mr.,Omar Berger,,,,,,,,,,8296 Amanda Stravenue,Anthonyberg,TN,11904,US,,,,"{""city"":""Anthonyberg"",""country"":""US"",""geocodeAccuracy"":null,""latitude"":null,""longitude"":null,""postalCode"":""11904"",""state"":""TN"",""street"":""8296 Amanda Stravenue""}",3176456614,,,1033147445,,,,omar.berger@example.com,,,,,1959-12-25,,005Ec000004oBPNIA2,,,,,2024-01-23T02:22:55.000+0000,005Ec000004oBPNIA2,2024-01-23T02:22:55.000+0000,005Ec000004oBPNIA2,2024-01-23T17:49:49.000+0000,2023-08-25,,,,,,,,/services/images/photo/003Ec00000Cz31nIAB,,,,crm_contact_82,male,Yes,Brown and Sons,147817,Meteorologist,High School,Rent,DL4813924021,a00Ec000009WFurIAG
003Ec00000Cz31sIAB,,,,Lyons,Jessica,Ms.,Jessica Lyons,,,,,,,,,,744 Sullivan Circle,Lake Lisa,AK,98738,US,,,,"{""city"":""Lake Lisa"",""country"":""US"",""geocodeAccuracy"":null,""latitude"":null,""longitude"":null,""postalCode"":""98738"",""state"":""AK"",""street"":""744 Sullivan Circle""}",234339875,,,3660349147,,,,jessica.lyons@example.com,,,,,1954-05-12,,005Ec000004oBPNIA2,,,,,2024-01-23T02:22:55.000+0000,005Ec000004oBPNIA2,2024-01-23T02:22:55.000+0000,005Ec000004oBPNIA2,2024-01-23T02:22:55.000+0000,,,,,,,,,/services/images/photo/003Ec00000Cz31sIAB,,,,crm_contact_87,female,Yes,Clark Group,93320,Microbiologist,Bachelor's Degree,Rent,DL8469984422,a00Ec000009WFusIAG
003Ec00000Cz31uIAB,,,,Weaver,Lindsay,Mrs.,Lindsay Weaver,,,,,,,,,,0401 Andrew Courts Suite 331,Port Christopherburgh,VT,64109,US,,,,"{""city"":""Port Christopherburgh"",""country"":""US"",""geocodeAccuracy"":null,""latitude"":null,""longitude"":null,""postalCode"":""64109"",""state"":""VT"",""street"":""0401 Andrew Courts Suite 331""}",5038338892,,,9623053057,,,,lindsay.weaver@example.com,,,,,1971-08-24,,005Ec000004oBPNIA2,,,,,2024-01-23T02:22:55.000+0000,005Ec000004oBPNIA2,2024-01-23T02:22:55.000+0000,005Ec000004oBPNIA2,2024-01-23T17:49:49.000+0000,2023-05-28,,,,,,,,/services/images/photo/003Ec00000Cz31uIAB,,,,crm_contact_89,female,Yes,Larson Ltd,48209,Drilling engineer,High School,Rent,DL2923174518,a00Ec000009WFuqIAG
003Ec00000Cz31xIAB,,,001Ec00000GGw3hIAD,Baldwin,Lisa,Dr.,Lisa Baldwin,,,,,,,,,,081 Rebecca Creek Suite 745,West Christina,KS,63027,US,,,,"{""city"":""West Christina"",""country"":""US"",""geocodeAccuracy"":null,""latitude"":null,""longitude"":null,""postalCode"":""63027"",""state"":""KS"",""street"":""081 Rebecca Creek Suite 745""}",7199365909,,,5609733695,,,,lisa.baldwin@example.com,,,,,1984-08-21,,005Ec000004oBPNIA2,,,,,2024-01-23T02:22:55.000+0000,005Ec000004oBPNIA2,2024-01-23T04:05:07.000+0000,005Ec000004oBPNIA2,2024-01-23T17:49:49.000+0000,2023-11-24,,,,,,,,/services/images/photo/003Ec00000Cz31xIAB,,,,crm_contact_92,female,Yes,"Garcia, Villegas and Smith",134685,Systems developer,Ph.D.,Rent,DL3121272220,a00Ec000009WFurIAG
003Ec00000Cz320IAB,,,,Wright,Theresa,Ms.,Theresa Wright,,,,,,,,,,82278 Hughes Trail Suite 232,Hoffmanchester,MO,74397,US,,,,"{""city"":""Hoffmanchester"",""country"":""US"",""geocodeAccuracy"":null,""latitude"":null,""longitude"":null,""postalCode"":""74397"",""state"":""MO"",""street"":""82278 Hughes Trail Suite 232""}",5408438608,,,7876451538,,,,theresa.wright@example.com,,,,,1935-06-11,,005Ec000004oBPNIA2,,,,,2024-01-23T02:22:55.000+0000,005Ec000004oBPNIA2,2024-01-23T02:22:55.000+0000,005Ec000004oBPNIA2,2024-01-23T17:49:49.000+0000,2022-09-06,,,,,,,,/services/images/photo/003Ec00000Cz320IAB,,,,crm_contact_95,female,Yes,Garcia Ltd,136597,Curator,Ph.D.,Rent,DL5812399976,a00Ec000009WFupIAG
003Ec00000Cz325IAB,,,,Morris,Julie,Ms.,Julie Morris,,,,,,,,,,456 Oak Street,Smallville,NY,12762,US,,,,"{""city"":""Smallville"",""country"":""US"",""geocodeAccuracy"":null,""latitude"":null,""longitude"":null,""postalCode"":""12762"",""state"":""NY"",""street"":""456 Oak Street""}",5557890123,,,5557891576,,,,julie.morris1@example.com,,,,,2026-09-05,,005Ec000004oBPNIA2,,,,,2024-01-23T02:22:55.000+0000,005Ec000004oBPNIA2,2024-01-23T02:22:55.000+0000,005Ec000004oBPNIA2,2024-01-23T17:49:49.000+0000,2022-08-13,,,,,,,,/services/images/photo/003Ec00000Cz325IAB,,,,crm_contact_100,female,Yes,ABC Company,100000,Manager,Bachelors,Own,DL5323284457,a00Ec000009WFuqIAG
003Ec00000CyP0TIAV,,,,Ryan,Leslie,Mrs.,Leslie Ryan,,,,,,,,,,4228 Emily Walks,Anthonyton,OK,43892,US,,,,"{""city"":""Anthonyton"",""country"":""US"",""geocodeAccuracy"":null,""latitude"":null,""longitude"":null,""postalCode"":""43892"",""state"":""OK"",""street"":""4228 Emily Walks""}",5987002803,,,5121799009,,,,leslie.ryan@example.com,,,,,2001-12-08,,005Ec000004oBPNIA2,,,,,2024-01-23T02:29:43.000+0000,005Ec000004oBPNIA2,2024-01-23T02:29:43.000+0000,005Ec000004oBPNIA2,2024-01-23T02:29:43.000+0000,,,,,,,,,/services/images/photo/003Ec00000CyP0TIAV,,,,crm_contact_73,female,Yes,Juarez PLC,93505,General practice doctor,High School,Rent,DL2229373694,a00Ec000009WFutIAG
003Ec00000Cz30YIAR,,,,Marshall,Bryan,Mrs.,Bryan Marshall,,,,,,,,,,308 Nelson Tunnel Suite 637,Lewiston,ND,40633,US,,,,"{""city"":""Lewiston"",""country"":""US"",""geocodeAccuracy"":null,""latitude"":null,""longitude"":null,""postalCode"":""40633"",""state"":""ND"",""street"":""308 Nelson Tunnel Suite 637""}",9597160565,,,4460980914,,,,bryan.marshall@example.com,,,,,1948-03-27,,005Ec000004oBPNIA2,,,,,2024-01-23T02:22:55.000+0000,005Ec000004oBPNIA2,2024-01-23T02:22:55.000+0000,005Ec000004oBPNIA2,2024-01-23T02:22:55.000+0000,,,,,,,,,/services/images/photo/003Ec00000Cz30YIAR,,,,crm_contact_4,male,Yes,"Smith, Eaton and Glenn",55484,"Lighting technician, broadcasting/film/video",Ph.D.,Own,DL5813184792,a00Ec000009WFuqIAG
003Ec00000Cz30ZIAR,,,,Thompson,Ashley,Ms.,Ashley Thompson,,,,,,,,,,394 Adam Curve Suite 020,Jenkinsport,OR,85739,US,,,,"{""city"":""Jenkinsport"",""country"":""US"",""geocodeAccuracy"":null,""latitude"":null,""longitude"":null,""postalCode"":""85739"",""state"":""OR"",""street"":""394 Adam Curve Suite 020""}",9578657911,,,7810246887,,,,ashley.thompson@example.com,,,,,1956-12-10,,005Ec000004oBPNIA2,,,,,2024-01-23T02:22:55.000+0000,005Ec000004oBPNIA2,2024-01-23T02:22:55.000+0000,005Ec000004oBPNIA2,2024-01-23T17:49:49.000+0000,2022-06-12,,,,,,,,/services/images/photo/003Ec00000Cz30ZIAR,,,,crm_contact_5,female,Yes,Mcbride Inc,68060,Advice worker,Ph.D.,Rent,DL3545200629,a00Ec000009WFupIAG
003Ec00000Cz30dIAB,,,,Shah,Michael,Ms.,Michael Shah,,,,,,,,,,0165 Weaver Mountains Apt. 140,Davidfurt,MA,38866,US,,,,"{""city"":""Davidfurt"",""country"":""US"",""geocodeAccuracy"":null,""latitude"":null,""longitude"":null,""postalCode"":""38866"",""state"":""MA"",""street"":""0165 Weaver Mountains Apt. 140""}",9515602625,,,755126854,,,,michael.shah@example.com,,,,,1931-07-30,,005Ec000004oBPNIA2,,,,,2024-01-23T02:22:55.000+0000,005Ec000004oBPNIA2,2024-01-23T02:22:55.000+0000,005Ec000004oBPNIA2,2024-01-23T17:49:49.000+0000,2023-07-15,,,,,,,,/services/images/photo/003Ec00000Cz30dIAB,,,,crm_contact_9,male,Yes,Patterson-Potter,131721,Print production planner,High School,Own,DL5066135607,a00Ec000009WFupIAG
003Ec00000Cz30eIAB,,,,Fuller,Diane,Mr.,Diane Fuller,,,,,,,,,,99942 Sarah Tunnel,Snowfort,IN,14607,US,,,,"{""city"":""Snowfort"",""country"":""US"",""geocodeAccuracy"":null,""latitude"":null,""longitude"":null,""postalCode"":""14607"",""state"":""IN"",""street"":""99942 Sarah Tunnel""}",8199218217,,,6172781720,,,,diane.fuller@example.com,,,,,2024-06-29,,005Ec000004oBPNIA2,,,,,2024-01-23T02:22:55.000+0000,005Ec000004oBPNIA2,2024-01-23T02:22:55.000+0000,005Ec000004oBPNIA2,2024-01-23T17:49:49.000+0000,2023-04-09,,,,,,,,/services/images/photo/003Ec00000Cz30eIAB,,,,crm_contact_10,female,Yes,Davies-Rodriguez,134858,Environmental consultant,Master's Degree,Own,DL4940361259,a00Ec000009WFuqIAG
003Ec00000Cz30fIAB,,,,Brown,Michelle,Mrs.,Michelle Brown,,,,,,,,,,8715 Jonathan Knoll,Thompsonfort,KS,3273,US,,,,"{""city"":""Thompsonfort"",""country"":""US"",""geocodeAccuracy"":null,""latitude"":null,""longitude"":null,""postalCode"":""3273"",""state"":""KS"",""street"":""8715 Jonathan Knoll""}",3332519536,,,8231418005,,,,michelle.brown@example.com,,,,,1934-04-25,,005Ec000004oBPNIA2,,,,,2024-01-23T02:22:55.000+0000,005Ec000004oBPNIA2,2024-01-23T02:22:55.000+0000,005Ec000004oBPNIA2,2024-01-23T17:49:49.000+0000,2022-01-26,,,,,,,,/services/images/photo/003Ec00000Cz30fIAB,,,,crm_contact_11,female,Yes,"Bonilla, Barrett and Young",112510,"Production assistant, radio",High School,Rent,DL8244385534,a00Ec000009WFuqIAG
003Ec00000Cz30gIAB,,,,Stevens,Kathryn,Dr.,Kathryn Stevens,,,,,,,,,,803 Stephens Ridge,New Tiffanyview,GU,93108,US,,,,"{""city"":""New Tiffanyview"",""country"":""US"",""geocodeAccuracy"":null,""latitude"":null,""longitude"":null,""postalCode"":""93108"",""state"":""GU"",""street"":""803 Stephens Ridge""}",3590005641,,,1040239405,,,,kathryn.stevens@example.com,,,,,1942-06-17,,005Ec000004oBPNIA2,,,,,2024-01-23T02:22:55.000+0000,005Ec000004oBPNIA2,2024-01-23T02:22:55.000+0000,005Ec000004oBPNIA2,2024-01-23T02:22:55.000+0000,,,,,,,,,/services/images/photo/003Ec00000Cz30gIAB,,,,crm_contact_12,female,Yes,Mack Inc,121644,Farm manager,Master's Degree,Own,DL2483253999,a00Ec000009WFuqIAG
003Ec00000Cz30jIAB,,,,Nguyen,Larry,Ms.,Larry Nguyen,,,,,,,,,,0004 Garcia Union,Sharonborough,WA,81983,US,,,,"{""city"":""Sharonborough"",""country"":""US"",""geocodeAccuracy"":null,""latitude"":null,""longitude"":null,""postalCode"":""81983"",""state"":""WA"",""street"":""0004 Garcia Union""}",476304782,,,1493665033,,,,larry.nguyen@example.com,,,,,2026-06-07,,005Ec000004oBPNIA2,,,,,2024-01-23T02:22:55.000+0000,005Ec000004oBPNIA2,2024-01-23T02:22:55.000+0000,005Ec000004oBPNIA2,2024-01-23T02:22:55.000+0000,,,,,,,,,/services/images/photo/003Ec00000Cz30jIAB,,,,crm_contact_15,male,Yes,West Group,85820,Comptroller,Ph.D.,Rent,DL5272395745,a00Ec000009WFurIAG
003Ec00000Cz30lIAB,,,,Hudson,Robert,Ms.,Robert Hudson,,,,,,,,,,657 Gloria Villages,Cherylport,ME,99775,US,,,,"{""city"":""Cherylport"",""country"":""US"",""geocodeAccuracy"":null,""latitude"":null,""longitude"":null,""postalCode"":""99775"",""state"":""ME"",""street"":""657 Gloria Villages""}",7644996250,,,8398073230,,,,robert.hudson@example.com,,,,,1945-03-19,,005Ec000004oBPNIA2,,,,,2024-01-23T02:22:55.000+0000,005Ec000004oBPNIA2,2024-01-23T02:22:55.000+0000,005Ec000004oBPNIA2,2024-01-23T17:49:49.000+0000,2022-09-08,,,,,,,,/services/images/photo/003Ec00000Cz30lIAB,,,,crm_contact_17,male,Yes,Young and Sons,40091,Warehouse manager,Bachelor's Degree,Own,DL2828058450,a00Ec000009WFurIAG
003Ec00000Cz30mIAB,,,,Pena,Albert,Ms.,Albert Pena,,,,,,,,,,150 Wood Throughway Suite 445,Fisherview,PW,4239,US,,,,"{""city"":""Fisherview"",""country"":""US"",""geocodeAccuracy"":null,""latitude"":null,""longitude"":null,""postalCode"":""4239"",""state"":""PW"",""street"":""150 Wood Throughway Suite 445""}",4148620134,,,902496824,,,,albert.pena@example.com,,,,,1997-10-26,,005Ec000004oBPNIA2,,,,,2024-01-23T02:22:55.000+0000,005Ec000004oBPNIA2,2024-01-23T02:22:55.000+0000,005Ec000004oBPNIA2,2024-01-23T17:49:49.000+0000,2022-01-19,,,,,,,,/services/images/photo/003Ec00000Cz30mIAB,,,,crm_contact_18,male,Yes,"Contreras, Ramirez and Patel",83684,Chief Technology Officer,High School,Rent,DL2234467786,a00Ec000009WFurIAG
003Ec00000Cz30nIAB,,,,Barnes,Wyatt,Mr.,Wyatt Barnes,,,,,,,,,,861 Hayes Parkways,Smithmouth,ID,71459,US,,,,"{""city"":""Smithmouth"",""country"":""US"",""geocodeAccuracy"":null,""latitude"":null,""longitude"":null,""postalCode"":""71459"",""state"":""ID"",""street"":""861 Hayes Parkways""}",1068818983,,,6217957990,,,,wyatt.barnes@example.com,,,,,1979-09-01,,005Ec000004oBPNIA2,,,,,2024-01-23T02:22:55.000+0000,005Ec000004oBPNIA2,2024-01-23T02:22:55.000+0000,005Ec000004oBPNIA2,2024-01-23T02:22:55.000+0000,,,,,,,,,/services/images/photo/003Ec00000Cz30nIAB,,,,crm_contact_19,male,Yes,"Church, Johnson and Butler",45064,Systems analyst,Ph.D.,Rent,DL2114939940,a00Ec000009WFupIAG
003Ec00000Cz30oIAB,,,,Anderson,Jessica,Mrs.,Jessica Anderson,,,,,,,,,,774 Boyd Estate,South Ashleymouth,MS,92345,US,,,,"{""city"":""South Ashleymouth"",""country"":""US"",""geocodeAccuracy"":null,""latitude"":null,""longitude"":null,""postalCode"":""92345"",""state"":""MS"",""street"":""774 Boyd Estate""}",2311026561,,,7278963186,,,,jessica.anderson@example.com,,,,,1957-07-25,,005Ec000004oBPNIA2,,,,,2024-01-23T02:22:55.000+0000,005Ec000004oBPNIA2,2024-01-23T02:22:55.000+0000,005Ec000004oBPNIA2,2024-01-23T02:22:55.000+0000,,,,,,,,,/services/images/photo/003Ec00000Cz30oIAB,,,,crm_contact_20,female,Yes,"Johnson, Berry and Miller",147957,Housing manager/officer,High School,Rent,DL8338531011,a00Ec000009WFutIAG
003Ec00000Cz30rIAB,,,,Garcia,Erin,Mr.,Erin Garcia,,,,,,,,,,3853 Jenkins Neck,North Eric,OR,70679,US,,,,"{""city"":""North Eric"",""country"":""US"",""geocodeAccuracy"":null,""latitude"":null,""longitude"":null,""postalCode"":""70679"",""state"":""OR"",""street"":""3853 Jenkins Neck""}",8730662007,,,1200986939,,,,erin.garcia@example.com,,,,,1938-04-08,,005Ec000004oBPNIA2,,,,,2024-01-23T02:22:55.000+0000,005Ec000004oBPNIA2,2024-01-23T02:22:55.000+0000,005Ec000004oBPNIA2,2024-01-23T02:22:55.000+0000,,,,,,,,,/services/images/photo/003Ec00000Cz30rIAB,,,,crm_contact_23,female,Yes,Fritz LLC,93133,Architect,Ph.D.,Rent,DL5131116474,a00Ec000009WFutIAG
003Ec00000Cz30sIAB,,,001Ec00000GGw3uIAD,David,Ebony,Dr.,Ebony David,,,,,,,,,,14710 Levy Stravenue Suite 274,Angelafort,IA,41933,US,,,,"{""city"":""Angelafort"",""country"":""US"",""geocodeAccuracy"":null,""latitude"":null,""longitude"":null,""postalCode"":""41933"",""state"":""IA"",""street"":""14710 Levy Stravenue Suite 274""}",993155722,,,4364549115,,,,ebony.david@example.com,,,,,1948-08-05,,005Ec000004oBPNIA2,,,,,2024-01-23T02:22:55.000+0000,005Ec000004oBPNIA2,2024-01-23T04:05:07.000+0000,005Ec000004oBPNIA2,2024-01-23T04:05:07.000+0000,,,,,,,,,/services/images/photo/003Ec00000Cz30sIAB,,,,crm_contact_24,female,Yes,"Peterson, Castro and Sherman",64731,Retail buyer,Ph.D.,Rent,DL1407848050,a00Ec000009WFupIAG
003Ec00000Cz30vIAB,,,,Leon,Heather,Ms.,Heather Leon,,,,,,,,,,177 David Ville,Port Stevenstad,WY,31313,US,,,,"{""city"":""Port Stevenstad"",""country"":""US"",""geocodeAccuracy"":null,""latitude"":null,""longitude"":null,""postalCode"":""31313"",""state"":""WY"",""street"":""177 David Ville""}",7258781161,,,3758332557,,,,heather.leon@example.com,,,,,2004-04-21,,005Ec000004oBPNIA2,,,,,2024-01-23T02:22:55.000+0000,005Ec000004oBPNIA2,2024-01-23T02:22:55.000+0000,005Ec000004oBPNIA2,2024-01-23T17:49:49.000+0000,2023-04-21,,,,,,,,/services/images/photo/003Ec00000Cz30vIAB,,,,crm_contact_27,female,Yes,Franklin-Novak,71394,Community arts worker,Master's Degree,Own,DL5022167465,a00Ec000009WFupIAG
003Ec00000Cz30xIAB,,,,Harmon,Bryan,Dr.,Bryan Harmon,,,,,,,,,,53408 Elizabeth Plaza Apt. 145,East Brittany,IN,74027,US,,,,"{""city"":""East Brittany"",""country"":""US"",""geocodeAccuracy"":null,""latitude"":null,""longitude"":null,""postalCode"":""74027"",""state"":""IN"",""street"":""53408 Elizabeth Plaza Apt. 145""}",7088404616,,,911268525,,,,bryan.harmon@example.com,,,,,1976-01-29,,005Ec000004oBPNIA2,,,,,2024-01-23T02:22:55.000+0000,005Ec000004oBPNIA2,2024-01-23T02:22:55.000+0000,005Ec000004oBPNIA2,2024-01-23T17:49:49.000+0000,2022-12-12,,,,,,,,/services/images/photo/003Ec00000Cz30xIAB,,,,crm_contact_29,male,Yes,"Schmidt, Reyes and Dawson",91344,Recycling officer,Ph.D.,Own,DL8541897202,a00Ec000009WFusIAG
003Ec00000Cz311IAB,,,,Hodges,Frank,Dr.,Frank Hodges,,,,,,,,,,6207 Todd Parks Suite 320,Wilsonport,CO,22894,US,,,,"{""city"":""Wilsonport"",""country"":""US"",""geocodeAccuracy"":null,""latitude"":null,""longitude"":null,""postalCode"":""22894"",""state"":""CO"",""street"":""6207 Todd Parks Suite 320""}",2663569847,,,6988407038,,,,frank.hodges@example.com,,,,,1947-04-10,,005Ec000004oBPNIA2,,,,,2024-01-23T02:22:55.000+0000,005Ec000004oBPNIA2,2024-01-23T02:22:55.000+0000,005Ec000004oBPNIA2,2024-01-23T02:22:55.000+0000,,,,,,,,,/services/images/photo/003Ec00000Cz311IAB,,,,crm_contact_33,male,Yes,"Smith, Roberts and Johnson",34965,IT trainer,Ph.D.,Rent,DL9577069183,a00Ec000009WFurIAG
003Ec00000Cz312IAB,,,,Leonard,Steven,Mrs.,Steven Leonard,,,,,,,,,,0227 Fernandez Ford,New Morganfurt,DC,58896,US,,,,"{""city"":""New Morganfurt"",""country"":""US"",""geocodeAccuracy"":null,""latitude"":null,""longitude"":null,""postalCode"":""58896"",""state"":""DC"",""street"":""0227 Fernandez Ford""}",4005836984,,,6493406721,,,,steven.leonard@example.com,,,,,2005-07-28,,005Ec000004oBPNIA2,,,,,2024-01-23T02:22:55.000+0000,005Ec000004oBPNIA2,2024-01-23T02:22:55.000+0000,005Ec000004oBPNIA2,2024-01-23T02:22:55.000+0000,,,,,,,,,/services/images/photo/003Ec00000Cz312IAB,,,,crm_contact_34,male,Yes,"Barker, Chambers and Guerrero",35090,Transport planner,Bachelor's Degree,Rent,DL6827645922,a00Ec000009WFupIAG
003Ec00000Cz315IAB,,,,Davis,Donna,Ms.,Donna Davis,,,,,,,,,,16658 Murphy Court Suite 456,Kendraview,SC,25754,US,,,,"{""city"":""Kendraview"",""country"":""US"",""geocodeAccuracy"":null,""latitude"":null,""longitude"":null,""postalCode"":""25754"",""state"":""SC"",""street"":""16658 Murphy Court Suite 456""}",539837568,,,357638828,,,,donna.davis@example.com,,,,,1950-04-19,,005Ec000004oBPNIA2,,,,,2024-01-23T02:22:55.000+0000,005Ec000004oBPNIA2,2024-01-23T02:22:55.000+0000,005Ec000004oBPNIA2,2024-01-23T17:49:49.000+0000,2022-04-12,,,,,,,,/services/images/photo/003Ec00000Cz315IAB,,,,crm_contact_37,female,Yes,Ryan-Garner,137001,Systems analyst,High School,Rent,DL5579634792,a00Ec000009WFurIAG
003Ec00000Cz316IAB,,,001Ec00000GGw3yIAD,Johnson,James,Dr.,James Johnson,,,,,,,,,,932 Garrett Mount,Ochoaburgh,VT,96571,US,,,,"{""city"":""Ochoaburgh"",""country"":""US"",""geocodeAccuracy"":null,""latitude"":null,""longitude"":null,""postalCode"":""96571"",""state"":""VT"",""street"":""932 Garrett Mount""}",945507058,,,5600773079,,,,james.johnson@example.com,,,,,1930-09-24,,005Ec000004oBPNIA2,,,,,2024-01-23T02:22:55.000+0000,005Ec000004oBPNIA2,2024-01-23T04:05:07.000+0000,005Ec000004oBPNIA2,2024-01-23T17:49:49.000+0000,2023-04-08,,,,,,,,/services/images/photo/003Ec00000Cz316IAB,,,,crm_contact_38,male,Yes,Williams-Wallace,32705,Automotive engineer,Ph.D.,Own,DL2529439135,a00Ec000009WFusIAG
003Ec00000Cz317IAB,,,,Carpenter,Steven,Dr.,Steven Carpenter,,,,,,,,,,93267 Larry Flats Suite 869,Ritaview,OK,99269,US,,,,"{""city"":""Ritaview"",""country"":""US"",""geocodeAccuracy"":null,""latitude"":null,""longitude"":null,""postalCode"":""99269"",""state"":""OK"",""street"":""93267 Larry Flats Suite 869""}",9328999751,,,8411101069,,,,steven.carpenter@example.com,,,,,1939-10-11,,005Ec000004oBPNIA2,,,,,2024-01-23T02:22:55.000+0000,005Ec000004oBPNIA2,2024-01-23T02:22:55.000+0000,005Ec000004oBPNIA2,2024-01-23T17:49:49.000+0000,2023-10-30,,,,,,,,/services/images/photo/003Ec00000Cz317IAB,,,,crm_contact_39,male,Yes,Baker PLC,121003,Plant breeder/geneticist,Bachelor's Degree,Rent,DL8357422677,a00Ec000009WFusIAG
003Ec00000Cz318IAB,,,,Davis,Jose,Dr.,Jose Davis,,,,,,,,,,4685 Young Green Suite 816,Davidmouth,NC,75275,US,,,,"{""city"":""Davidmouth"",""country"":""US"",""geocodeAccuracy"":null,""latitude"":null,""longitude"":null,""postalCode"":""75275"",""state"":""NC"",""street"":""4685 Young Green Suite 816""}",7044173586,,,7305902066,,,,jose.davis@example.com,,,,,2002-07-16,,005Ec000004oBPNIA2,,,,,2024-01-23T02:22:55.000+0000,005Ec000004oBPNIA2,2024-01-23T02:22:55.000+0000,005Ec000004oBPNIA2,2024-01-23T02:22:55.000+0000,,,,,,,,,/services/images/photo/003Ec00000Cz318IAB,,,,crm_contact_40,male,Yes,"Sanchez, Werner and Olson",96538,Bookseller,Bachelor's Degree,Rent,DL2262191752,a00Ec000009WFusIAG
003Ec00000Cz319IAB,,,,Hernandez,Anne,Mr.,Anne Hernandez,,,,,,,,,,5140 Cassandra Inlet Apt. 637,South Chelsea,MA,1134,US,,,,"{""city"":""South Chelsea"",""country"":""US"",""geocodeAccuracy"":null,""latitude"":null,""longitude"":null,""postalCode"":""1134"",""state"":""MA"",""street"":""5140 Cassandra Inlet Apt. 637""}",5561495441,,,4209759010,,,,anne.hernandez@example.com,,,,,1937-06-09,,005Ec000004oBPNIA2,,,,,2024-01-23T02:22:55.000+0000,005Ec000004oBPNIA2,2024-01-23T02:22:55.000+0000,005Ec000004oBPNIA2,2024-01-23T17:49:49.000+0000,2023-11-29,,,,,,,,/services/images/photo/003Ec00000Cz319IAB,,,,crm_contact_41,female,Yes,Cooper-Edwards,80482,Personal assistant,Ph.D.,Rent,DL7115193642,a00Ec000009WFutIAG
003Ec00000Cz31AIAR,,,,Kirby,Christopher,Ms.,Christopher Kirby,,,,,,,,,,569 Smith Fields,Cooperport,AR,74963,US,,,,"{""city"":""Cooperport"",""country"":""US"",""geocodeAccuracy"":null,""latitude"":null,""longitude"":null,""postalCode"":""74963"",""state"":""AR"",""street"":""569 Smith Fields""}",182587365,,,7293326691,,,,christopher.kirby@example.com,,,,,1943-07-21,,005Ec000004oBPNIA2,,,,,2024-01-23T02:22:55.000+0000,005Ec000004oBPNIA2,2024-01-23T02:22:55.000+0000,005Ec000004oBPNIA2,2024-01-23T17:49:49.000+0000,2023-08-26,,,,,,,,/services/images/photo/003Ec00000Cz31AIAR,,,,crm_contact_42,male,Yes,Greene PLC,110158,Exhibition designer,Bachelor's Degree,Own,DL7159465438,a00Ec000009WFurIAG
003Ec00000Cz31BIAR,,,001Ec00000GGw3vIAD,Chan,Dustin,Mrs.,Dustin Chan,,,,,,,,,,66224 Kristen Harbor Suite 709,Breannaport,WY,59862,US,,,,"{""city"":""Breannaport"",""country"":""US"",""geocodeAccuracy"":null,""latitude"":null,""longitude"":null,""postalCode"":""59862"",""state"":""WY"",""street"":""66224 Kristen Harbor Suite 709""}",8867246557,,,5488600878,,,,dustin.chan@example.com,,,,,1996-02-29,,005Ec000004oBPNIA2,,,,,2024-01-23T02:22:55.000+0000,005Ec000004oBPNIA2,2024-01-23T04:05:07.000+0000,005Ec000004oBPNIA2,2024-01-23T17:49:49.000+0000,2022-12-28,,,,,,,,/services/images/photo/003Ec00000Cz31BIAR,,,,crm_contact_43,male,Yes,"Cole, Farrell and Cooper",120546,Equities trader,Ph.D.,Rent,DL9874376768,a00Ec000009WFurIAG
003Ec00000Cz31CIAR,,,,Smith,Peter,Mrs.,Peter Smith,,,,,,,,,,4005 Stephanie Walk,South Travis,OK,95988,US,,,,"{""city"":""South Travis"",""country"":""US"",""geocodeAccuracy"":null,""latitude"":null,""longitude"":null,""postalCode"":""95988"",""state"":""OK"",""street"":""4005 Stephanie Walk""}",2411168157,,,4485991147,,,,peter.smith@example.com,,,,,1968-01-17,,005Ec000004oBPNIA2,,,,,2024-01-23T02:22:55.000+0000,005Ec000004oBPNIA2,2024-01-23T02:22:55.000+0000,005Ec000004oBPNIA2,2024-01-23T17:49:49.000+0000,2023-07-10,,,,,,,,/services/images/photo/003Ec00000Cz31CIAR,,,,crm_contact_44,male,Yes,"Cross, Lynch and Bennett",47377,"Scientist, forensic",Bachelor's Degree,Rent,DL7756017892,a00Ec000009WFutIAG
003Ec00000Cz31DIAR,,,,Hall,Stephen,Dr.,Stephen Hall,,,,,,,,,,8378 Martinez Junctions Apt. 556,North Hunterberg,KY,32995,US,,,,"{""city"":""North Hunterberg"",""country"":""US"",""geocodeAccuracy"":null,""latitude"":null,""longitude"":null,""postalCode"":""32995"",""state"":""KY"",""street"":""8378 Martinez Junctions Apt. 556""}",2621675889,,,477039331,,,,stephen.hall@example.com,,,,,1965-04-26,,005Ec000004oBPNIA2,,,,,2024-01-23T02:22:55.000+0000,005Ec000004oBPNIA2,2024-01-23T02:22:55.000+0000,005Ec000004oBPNIA2,2024-01-23T17:49:49.000+0000,2023-11-06,,,,,,,,/services/images/photo/003Ec00000Cz31DIAR,,,,crm_contact_45,male,Yes,Martin-Hernandez,85473,Occupational hygienist,Ph.D.,Rent,DL2197691971,a00Ec000009WFupIAG
003Ec00000Cz31JIAR,,,001Ec00000GGw3nIAD,Myers,Dana,Mr.,Dana Myers,,,,,,,,,,8213 Woods Landing Apt. 711,Kevinshire,AR,76247,US,,,,"{""city"":""Kevinshire"",""country"":""US"",""geocodeAccuracy"":null,""latitude"":null,""longitude"":null,""postalCode"":""76247"",""state"":""AR"",""street"":""8213 Woods Landing Apt. 711""}",2839969804,,,5649127802,,,,dana.myers@example.com,,,,,1986-09-23,,005Ec000004oBPNIA2,,,,,2024-01-23T02:22:55.000+0000,005Ec000004oBPNIA2,2024-01-23T04:05:07.000+0000,005Ec000004oBPNIA2,2024-01-23T17:49:49.000+0000,2023-10-09,,,,,,,,/services/images/photo/003Ec00000Cz31JIAR,,,,crm_contact_51,female,Yes,"Medina, Young and Fields",83696,Archaeologist,Bachelor's Degree,Rent,DL8789314462,a00Ec000009WFutIAG
003Ec00000Cz31KIAR,,,,Guerrero,Michael,Dr.,Michael Guerrero,,,,,,,,,,215 Walton Fork Suite 289,Lake Michael,WI,11935,US,,,,"{""city"":""Lake Michael"",""country"":""US"",""geocodeAccuracy"":null,""latitude"":null,""longitude"":null,""postalCode"":""11935"",""state"":""WI"",""street"":""215 Walton Fork Suite 289""}",4243127649,,,6582010579,,,,michael.guerrero@example.com,,,,,1995-10-23,,005Ec000004oBPNIA2,,,,,2024-01-23T02:22:55.000+0000,005Ec000004oBPNIA2,2024-01-23T02:22:55.000+0000,005Ec000004oBPNIA2,2024-01-23T17:49:49.000+0000,2023-07-09,,,,,,,,/services/images/photo/003Ec00000Cz31KIAR,,,,crm_contact_52,male,Yes,Golden-Perry,121071,Naval architect,Bachelor's Degree,Rent,DL1446740427,a00Ec000009WFupIAG
003Ec00000Cz31RIAR,,,001Ec00000GGw3iIAD,Bishop,Daniel,Mr.,Daniel Bishop,,,,,,,,,,3956 Kimberly Rest Apt. 692,Port Anthonybury,UT,34417,US,,,,"{""city"":""Port Anthonybury"",""country"":""US"",""geocodeAccuracy"":null,""latitude"":null,""longitude"":null,""postalCode"":""34417"",""state"":""UT"",""street"":""3956 Kimberly Rest Apt. 692""}",4223300693,,,4466877629,,,,daniel.bishop@example.com,,,,,1946-01-18,,005Ec000004oBPNIA2,,,,,2024-01-23T02:22:55.000+0000,005Ec000004oBPNIA2,2024-01-23T04:05:07.000+0000,005Ec000004oBPNIA2,2024-01-23T17:49:49.000+0000,2023-02-19,,,,,,,,/services/images/photo/003Ec00000Cz31RIAR,,,,crm_contact_59,male,No,,25912,,Ph.D.,Own,DL1325850574,a00Ec000009WFupIAG
003Ec00000Cz31SIAR,,,001Ec00000GGw3lIAD,Tate,Karen,Dr.,Karen Tate,,,,,,,,,,279 Armstrong Forest Suite 524,South Jamiehaven,GU,78200,US,,,,"{""city"":""South Jamiehaven"",""country"":""US"",""geocodeAccuracy"":null,""latitude"":null,""longitude"":null,""postalCode"":""78200"",""state"":""GU"",""street"":""279 Armstrong Forest Suite 524""}",5166450941,,,1765525989,,,,karen.tate@example.com,,,,,2028-07-04,,005Ec000004oBPNIA2,,,,,2024-01-23T02:22:55.000+0000,005Ec000004oBPNIA2,2024-01-23T04:05:07.000+0000,005Ec000004oBPNIA2,2024-01-23T04:05:07.000+0000,,,,,,,,,/services/images/photo/003Ec00000Cz31SIAR,,,,crm_contact_60,female,No,,23646,,Master's Degree,Rent,DL1444893793,a00Ec000009WFusIAG
003Ec00000Cz31TIAR,,,,Kim,Jason,Mrs.,Jason Kim,,,,,,,,,,8003 Bartlett Springs Apt. 685,South Matthew,IL,49853,US,,,,"{""city"":""South Matthew"",""country"":""US"",""geocodeAccuracy"":null,""latitude"":null,""longitude"":null,""postalCode"":""49853"",""state"":""IL"",""street"":""8003 Bartlett Springs Apt. 685""}",1862906620,,,5741065194,,,,jason.kim@example.com,,,,,1989-06-21,,005Ec000004oBPNIA2,,,,,2024-01-23T02:22:55.000+0000,005Ec000004oBPNIA2,2024-01-23T02:22:55.000+0000,005Ec000004oBPNIA2,2024-01-23T02:22:55.000+0000,,,,,,,,,/services/images/photo/003Ec00000Cz31TIAR,,,,crm_contact_61,male,Yes,Romero Group,142296,Travel agency manager,Bachelor's Degree,Rent,DL9549847705,a00Ec000009WFupIAG
003Ec00000Cz31VIAR,,,,Jordan,Allison,Mr.,Allison Jordan,,,,,,,,,,5566 Janet Inlet Suite 087,South Janettown,MN,58237,US,,,,"{""city"":""South Janettown"",""country"":""US"",""geocodeAccuracy"":null,""latitude"":null,""longitude"":null,""postalCode"":""58237"",""state"":""MN"",""street"":""5566 Janet Inlet Suite 087""}",2230324471,,,5619835304,,,,allison.jordan@example.com,,,,,1986-08-08,,005Ec000004oBPNIA2,,,,,2024-01-23T02:22:55.000+0000,005Ec000004oBPNIA2,2024-01-23T02:22:55.000+0000,005Ec000004oBPNIA2,2024-01-23T17:49:49.000+0000,2022-03-27,,,,,,,,/services/images/photo/003Ec00000Cz31VIAR,,,,crm_contact_63,female,Yes,"Robinson, Strickland and Young",62773,"Surveyor, building control",Ph.D.,Own,DL2529145520,a00Ec000009WFurIAG
003Ec00000Cz31XIAR,,,,Gonzalez,Michelle,Mr.,Michelle Gonzalez,,,,,,,,,,7619 Newton Port,Jessicachester,MS,73265,US,,,,"{""city"":""Jessicachester"",""country"":""US"",""geocodeAccuracy"":null,""latitude"":null,""longitude"":null,""postalCode"":""73265"",""state"":""MS"",""street"":""7619 Newton Port""}",1958436953,,,9210546357,,,,michelle.gonzalez@example.com,,,,,2028-07-26,,005Ec000004oBPNIA2,,,,,2024-01-23T02:22:55.000+0000,005Ec000004oBPNIA2,2024-01-23T02:22:55.000+0000,005Ec000004oBPNIA2,2024-01-23T17:49:49.000+0000,2023-01-25,,,,,,,,/services/images/photo/003Ec00000Cz31XIAR,,,,crm_contact_65,female,Yes,"Hogan, Brown and Olsen",76704,"Scientist, marine",Master's Degree,Own,DL7873035649,a00Ec000009WFutIAG
003Ec00000Cz31YIAR,,,001Ec00000GGw3zIAD,Hamilton,Zachary,Mrs.,Zachary Hamilton,,,,,,,,,,896 Jones Prairie,North William,DC,99305,US,,,,"{""city"":""North William"",""country"":""US"",""geocodeAccuracy"":null,""latitude"":null,""longitude"":null,""postalCode"":""99305"",""state"":""DC"",""street"":""896 Jones Prairie""}",1847897426,,,2649645809,,,,zachary.hamilton@example.com,,,,,1944-05-28,,005Ec000004oBPNIA2,,,,,2024-01-23T02:22:55.000+0000,005Ec000004oBPNIA2,2024-01-23T04:05:07.000+0000,005Ec000004oBPNIA2,2024-01-23T17:49:49.000+0000,2023-07-19,,,,,,,,/services/images/photo/003Ec00000Cz31YIAR,,,,crm_contact_66,male,Yes,Johnson Group,71063,"Designer, textile",Ph.D.,Rent,DL7758441828,a00Ec000009WFupIAG
003Ec00000Cz31ZIAR,,,,Boyle,Jennifer,Ms.,Jennifer Boyle,,,,,,,,,,5447 Jamie Underpass Suite 072,North Nicole,AR,1825,US,,,,"{""city"":""North Nicole"",""country"":""US"",""geocodeAccuracy"":null,""latitude"":null,""longitude"":null,""postalCode"":""1825"",""state"":""AR"",""street"":""5447 Jamie Underpass Suite 072""}",3202117806,,,2663312494,,,,jennifer.boyle@example.com,,,,,1951-10-18,,005Ec000004oBPNIA2,,,,,2024-01-23T02:22:55.000+0000,005Ec000004oBPNIA2,2024-01-23T02:22:55.000+0000,005Ec000004oBPNIA2,2024-01-23T17:49:49.000+0000,2023-10-29,,,,,,,,/services/images/photo/003Ec00000Cz31ZIAR,,,,crm_contact_67,female,Yes,"Valenzuela, Mitchell and Lopez",52598,Hydrographic surveyor,Master's Degree,Rent,DL3592455571,a00Ec000009WFusIAG
003Ec00000Cz31cIAB,,,,Fuentes,Jessica,Ms.,Jessica Fuentes,,,,,,,,,,1959 Luke Pike Suite 062,South Donland,MH,37223,US,,,,"{""city"":""South Donland"",""country"":""US"",""geocodeAccuracy"":null,""latitude"":null,""longitude"":null,""postalCode"":""37223"",""state"":""MH"",""street"":""1959 Luke Pike Suite 062""}",9957182781,,,939614913,,,,jessica.fuentes@example.com,,,,,2029-07-20,,005Ec000004oBPNIA2,,,,,2024-01-23T02:22:55.000+0000,005Ec000004oBPNIA2,2024-01-23T02:22:55.000+0000,005Ec000004oBPNIA2,2024-01-23T02:22:55.000+0000,,,,,,,,,/services/images/photo/003Ec00000Cz31cIAB,,,,crm_contact_70,female,Yes,"Carter, Hicks and Torres",93501,Multimedia programmer,High School,Own,DL4541256871,a00Ec000009WFutIAG
003Ec00000Cz31dIAB,,,,Crawford,Amanda,Ms.,Amanda Crawford,,,,,,,,,,718 Aguilar Place,North Paulton,MP,90682,US,,,,"{""city"":""North Paulton"",""country"":""US"",""geocodeAccuracy"":null,""latitude"":null,""longitude"":null,""postalCode"":""90682"",""state"":""MP"",""street"":""718 Aguilar Place""}",3475334445,,,1830928519,,,,amanda.crawford@example.com,,,,,1989-12-21,,005Ec000004oBPNIA2,,,,,2024-01-23T02:22:55.000+0000,005Ec000004oBPNIA2,2024-01-23T02:22:55.000+0000,005Ec000004oBPNIA2,2024-01-23T17:49:49.000+0000,2023-09-05,,,,,,,,/services/images/photo/003Ec00000Cz31dIAB,,,,crm_contact_71,female,Yes,Allen Ltd,149170,"Accountant, chartered management",Ph.D.,Rent,DL8369795936,a00Ec000009WFurIAG
003Ec00000Cz31eIAB,,,,Hansen,Brandy,Dr.,Brandy Hansen,,,,,,,,,,78956 Matthew Park Suite 072,East Nicole,VA,81951,US,,,,"{""city"":""East Nicole"",""country"":""US"",""geocodeAccuracy"":null,""latitude"":null,""longitude"":null,""postalCode"":""81951"",""state"":""VA"",""street"":""78956 Matthew Park Suite 072""}",1943034938,,,2784243956,,,,brandy.hansen@example.com,,,,,1979-09-01,,005Ec000004oBPNIA2,,,,,2024-01-23T02:22:55.000+0000,005Ec000004oBPNIA2,2024-01-23T02:22:55.000+0000,005Ec000004oBPNIA2,2024-01-23T17:49:49.000+0000,2023-09-02,,,,,,,,/services/images/photo/003Ec00000Cz31eIAB,,,,crm_contact_72,female,Yes,Flynn Inc,110279,Field seismologist,High School,Rent,DL3312819698,a00Ec000009WFupIAG
003Ec00000Cz31gIAB,,,,Martin,Alexandra,Mr.,Alexandra Martin,,,,,,,,,,077 Cruz Ford,South Amandastad,ME,12451,US,,,,"{""city"":""South Amandastad"",""country"":""US"",""geocodeAccuracy"":null,""latitude"":null,""longitude"":null,""postalCode"":""12451"",""state"":""ME"",""street"":""077 Cruz Ford""}",1379444747,,,9828051218,,,,alexandra.martin@example.com,,,,,1996-04-07,,005Ec000004oBPNIA2,,,,,2024-01-23T02:22:55.000+0000,005Ec000004oBPNIA2,2024-01-23T02:22:55.000+0000,005Ec000004oBPNIA2,2024-01-23T17:49:49.000+0000,2023-10-29,,,,,,,,/services/images/photo/003Ec00000Cz31gIAB,,,,crm_contact_75,female,Yes,Hall-Evans,102885,Pharmacologist,Bachelor's Degree,Own,DL7204196766,a00Ec000009WFutIAG
003Ec00000Cz31lIAB,,,,Armstrong,Tyler,Mr.,Tyler Armstrong,,,,,,,,,,9350 Mccarty Common,Lake Aaronmouth,VI,42264,US,,,,"{""city"":""Lake Aaronmouth"",""country"":""US"",""geocodeAccuracy"":null,""latitude"":null,""longitude"":null,""postalCode"":""42264"",""state"":""VI"",""street"":""9350 Mccarty Common""}",952693941,,,9981271964,,,,tyler.armstrong@example.com,,,,,1984-03-19,,005Ec000004oBPNIA2,,,,,2024-01-23T02:22:55.000+0000,005Ec000004oBPNIA2,2024-01-23T02:22:55.000+0000,005Ec000004oBPNIA2,2024-01-23T02:22:55.000+0000,,,,,,,,,/services/images/photo/003Ec00000Cz31lIAB,,,,crm_contact_80,male,Yes,"Ellis, Wood and Mccarthy",64914,"Engineer, chemical",High School,Own,DL5124358917,a00Ec000009WFutIAG
003Ec00000Cz31oIAB,,,,Key,Stephanie,Dr.,Stephanie Key,,,,,,,,,,52441 Richard Greens Apt. 643,Tamarahaven,NV,67167,US,,,,"{""city"":""Tamarahaven"",""country"":""US"",""geocodeAccuracy"":null,""latitude"":null,""longitude"":null,""postalCode"":""67167"",""state"":""NV"",""street"":""52441 Richard Greens Apt. 643""}",3669725874,,,4059930762,,,,stephanie.key@example.com,,,,,1980-06-29,,005Ec000004oBPNIA2,,,,,2024-01-23T02:22:55.000+0000,005Ec000004oBPNIA2,2024-01-23T02:22:55.000+0000,005Ec000004oBPNIA2,2024-01-23T17:49:49.000+0000,2022-04-07,,,,,,,,/services/images/photo/003Ec00000Cz31oIAB,,,,crm_contact_83,female,Yes,Chambers LLC,72251,Marketing executive,Bachelor's Degree,Rent,DL8832096789,a00Ec000009WFupIAG
003Ec00000Cz31pIAB,,,,Robertson,Andrew,Dr.,Andrew Robertson,,,,,,,,,,084 Kayla Forest Suite 944,North Katrina,DE,24222,US,,,,"{""city"":""North Katrina"",""country"":""US"",""geocodeAccuracy"":null,""latitude"":null,""longitude"":null,""postalCode"":""24222"",""state"":""DE"",""street"":""084 Kayla Forest Suite 944""}",6382742176,,,1451803237,,,,andrew.robertson@example.com,,,,,1937-05-18,,005Ec000004oBPNIA2,,,,,2024-01-23T02:22:55.000+0000,005Ec000004oBPNIA2,2024-01-23T02:22:55.000+0000,005Ec000004oBPNIA2,2024-01-23T02:22:55.000+0000,,,,,,,,,/services/images/photo/003Ec00000Cz31pIAB,,,,crm_contact_84,male,Yes,Solis-Glover,71343,Civil Service administrator,High School,Rent,DL5876742931,a00Ec000009WFuqIAG
003Ec00000Cz31qIAB,,,,Martinez,David,Ms.,David Martinez,,,,,,,,,,378 Tiffany Spur Suite 393,Cunninghamfort,RI,70664,US,,,,"{""city"":""Cunninghamfort"",""country"":""US"",""geocodeAccuracy"":null,""latitude"":null,""longitude"":null,""postalCode"":""70664"",""state"":""RI"",""street"":""378 Tiffany Spur Suite 393""}",5081396107,,,138827658,,,,david.martinez@example.com,,,,,1997-08-23,,005Ec000004oBPNIA2,,,,,2024-01-23T02:22:55.000+0000,005Ec000004oBPNIA2,2024-01-23T02:22:55.000+0000,005Ec000004oBPNIA2,2024-01-23T17:49:49.000+0000,2022-06-21,,,,,,,,/services/images/photo/003Ec00000Cz31qIAB,,,,crm_contact_85,male,Yes,Miller-Martin,141969,Estate agent,Ph.D.,Rent,DL1702935803,a00Ec000009WFutIAG
003Ec00000Cz31rIAB,,,,Hall,Brittany,Dr.,Brittany Hall,,,,,,,,,,420 Lynch Forge Suite 121,Josephland,WY,7473,US,,,,"{""city"":""Josephland"",""country"":""US"",""geocodeAccuracy"":null,""latitude"":null,""longitude"":null,""postalCode"":""7473"",""state"":""WY"",""street"":""420 Lynch Forge Suite 121""}",6809882205,,,4204382003,,,,brittany.hall@example.com,,,,,2005-07-30,,005Ec000004oBPNIA2,,,,,2024-01-23T02:22:55.000+0000,005Ec000004oBPNIA2,2024-01-23T02:22:55.000+0000,005Ec000004oBPNIA2,2024-01-23T17:49:49.000+0000,2023-04-25,,,,,,,,/services/images/photo/003Ec00000Cz31rIAB,,,,crm_contact_86,female,Yes,Hodge PLC,94763,Merchant navy officer,Master's Degree,Own,DL4991484816,a00Ec000009WFurIAG
003Ec00000Cz31tIAB,,,,Houston,Mark,Ms.,Mark Houston,,,,,,,,,,704 Mcneil Stream,East Abigailside,GA,44964,US,,,,"{""city"":""East Abigailside"",""country"":""US"",""geocodeAccuracy"":null,""latitude"":null,""longitude"":null,""postalCode"":""44964"",""state"":""GA"",""street"":""704 Mcneil Stream""}",3200322227,,,3516769950,,,,mark.houston@example.com,,,,,1965-05-11,,005Ec000004oBPNIA2,,,,,2024-01-23T02:22:55.000+0000,005Ec000004oBPNIA2,2024-01-23T02:22:55.000+0000,005Ec000004oBPNIA2,2024-01-23T17:49:49.000+0000,2022-06-01,,,,,,,,/services/images/photo/003Ec00000Cz31tIAB,,,,crm_contact_88,male,Yes,Vincent-Miller,75075,"Teacher, secondary school",Ph.D.,Rent,DL1226452088,a00Ec000009WFuqIAG
003Ec00000Cz31vIAB,,,,Green,Steven,Dr.,Steven Green,,,,,,,,,,140 Reed Heights,Dwaynetown,CA,93501,US,,,,"{""city"":""Dwaynetown"",""country"":""US"",""geocodeAccuracy"":null,""latitude"":null,""longitude"":null,""postalCode"":""93501"",""state"":""CA"",""street"":""140 Reed Heights""}",903089752,,,8081529296,,,,steven.green@example.com,,,,,1965-03-06,,005Ec000004oBPNIA2,,,,,2024-01-23T02:22:55.000+0000,005Ec000004oBPNIA2,2024-01-23T02:22:55.000+0000,005Ec000004oBPNIA2,2024-01-23T17:49:49.000+0000,2023-04-23,,,,,,,,/services/images/photo/003Ec00000Cz31vIAB,,,,crm_contact_90,male,Yes,Whitaker-Bass,132637,Building services engineer,Bachelor's Degree,Own,DL8579159219,a00Ec000009WFutIAG
003Ec00000Cz31wIAB,,,,King,Brian,Mrs.,Brian King,,,,,,,,,,02578 Richard Mill Apt. 067,New Henryshire,OK,28595,US,,,,"{""city"":""New Henryshire"",""country"":""US"",""geocodeAccuracy"":null,""latitude"":null,""longitude"":null,""postalCode"":""28595"",""state"":""OK"",""street"":""02578 Richard Mill Apt. 067""}",5568721673,,,5298688266,,,,brian.king@example.com,,,,,1969-10-17,,005Ec000004oBPNIA2,,,,,2024-01-23T02:22:55.000+0000,005Ec000004oBPNIA2,2024-01-23T02:22:55.000+0000,005Ec000004oBPNIA2,2024-01-23T17:49:49.000+0000,2022-05-21,,,,,,,,/services/images/photo/003Ec00000Cz31wIAB,,,,crm_contact_91,male,Yes,Cantu LLC,41360,Science writer,Master's Degree,Rent,DL4879563305,a00Ec000009WFupIAG
003Ec00000Cz31yIAB,,,001Ec00000GGw3oIAD,Johnson,Samantha,Ms.,Samantha Johnson,,,,,,,,,,438 Kelly Drive Apt. 029,Port Clinton,RI,99438,US,,,,"{""city"":""Port Clinton"",""country"":""US"",""geocodeAccuracy"":null,""latitude"":null,""longitude"":null,""postalCode"":""99438"",""state"":""RI"",""street"":""438 Kelly Drive Apt. 029""}",9251748383,,,2758664921,,,,samantha.johnson@example.com,,,,,1976-01-27,,005Ec000004oBPNIA2,,,,,2024-01-23T02:22:55.000+0000,005Ec000004oBPNIA2,2024-01-23T04:05:07.000+0000,005Ec000004oBPNIA2,2024-01-23T17:49:49.000+0000,2023-07-21,,,,,,,,/services/images/photo/003Ec00000Cz31yIAB,,,,crm_contact_93,female,Yes,"Anderson, Torres and Weber",54085,Marine scientist,High School,Rent,DL8681331077,a00Ec000009WFutIAG
003Ec00000Cz31zIAB,,,,Coleman,Sherry,Ms.,Sherry Coleman,,,,,,,,,,94157 Evans Mount,Masseymouth,MI,92769,US,,,,"{""city"":""Masseymouth"",""country"":""US"",""geocodeAccuracy"":null,""latitude"":null,""longitude"":null,""postalCode"":""92769"",""state"":""MI"",""street"":""94157 Evans Mount""}",9829325870,,,7648499214,,,,sherry.coleman@example.com,,,,,1962-10-15,,005Ec000004oBPNIA2,,,,,2024-01-23T02:22:55.000+0000,005Ec000004oBPNIA2,2024-01-23T02:22:55.000+0000,005Ec000004oBPNIA2,2024-01-23T17:49:49.000+0000,2023-11-04,,,,,,,,/services/images/photo/003Ec00000Cz31zIAB,,,,crm_contact_94,female,Yes,Nichols and Sons,78871,"Secretary, company",Ph.D.,Rent,DL2555481469,a00Ec000009WFuqIAG
003Ec00000Cz321IAB,,,,Vaughn,Nathan,Mrs.,Nathan Vaughn,,,,,,,,,,910 Mitchell Mountains,Zimmermanville,FL,84469,US,,,,"{""city"":""Zimmermanville"",""country"":""US"",""geocodeAccuracy"":null,""latitude"":null,""longitude"":null,""postalCode"":""84469"",""state"":""FL"",""street"":""910 Mitchell Mountains""}",3201974035,,,2545600963,,,,nathan.vaughn@example.com,,,,,1933-03-02,,005Ec000004oBPNIA2,,,,,2024-01-23T02:22:55.000+0000,005Ec000004oBPNIA2,2024-01-23T02:22:55.000+0000,005Ec000004oBPNIA2,2024-01-23T17:49:49.000+0000,2023-11-25,,,,,,,,/services/images/photo/003Ec00000Cz321IAB,,,,crm_contact_96,male,Yes,Dougherty-Stevens,51165,Insurance risk surveyor,Ph.D.,Rent,DL3005571282,a00Ec000009WFutIAG
003Ec00000Cz322IAB,,,001Ec00000GGw3wIAD,White,Gary,Ms.,Gary White,,,,,,,,,,40932 Nunez Lodge,Lake Caseymouth,MA,86391,US,,,,"{""city"":""Lake Caseymouth"",""country"":""US"",""geocodeAccuracy"":null,""latitude"":null,""longitude"":null,""postalCode"":""86391"",""state"":""MA"",""street"":""40932 Nunez Lodge""}",4095651661,,,5107106480,,,,gary.white@example.com,,,,,1964-01-01,,005Ec000004oBPNIA2,,,,,2024-01-23T02:22:55.000+0000,005Ec000004oBPNIA2,2024-01-23T04:05:07.000+0000,005Ec000004oBPNIA2,2024-01-23T17:49:49.000+0000,2023-05-25,,,,,,,,/services/images/photo/003Ec00000Cz322IAB,,,,crm_contact_97,male,Yes,"Fletcher, Henderson and Maldonado",103349,Multimedia specialist,Bachelor's Degree,Rent,DL1475977064,a00Ec000009WFutIAG
003Ec00000Cz323IAB,,,001Ec00000GGw3tIAD,Sandoval,Ashlee,Mr.,Ashlee Sandoval,,,,,,,,,,5994 Crystal Tunnel Suite 285,New Samuel,WV,61829,US,,,,"{""city"":""New Samuel"",""country"":""US"",""geocodeAccuracy"":null,""latitude"":null,""longitude"":null,""postalCode"":""61829"",""state"":""WV"",""street"":""5994 Crystal Tunnel Suite 285""}",8340731637,,,2650729711,,,,ashlee.sandoval@example.com,,,,,1958-02-25,,005Ec000004oBPNIA2,,,,,2024-01-23T02:22:55.000+0000,005Ec000004oBPNIA2,2024-01-23T04:05:07.000+0000,005Ec000004oBPNIA2,2024-01-23T17:49:49.000+0000,2023-12-04,,,,,,,,/services/images/photo/003Ec00000Cz323IAB,,,,crm_contact_98,female,Yes,Ware LLC,119109,"Journalist, newspaper",Ph.D.,Own,DL6467590039,a00Ec000009WFuqIAG
003Ec00000Cz324IAB,,,,Leonard,Anna,Mrs.,Anna Leonard,,,,,,,,,,30590 Ashley Mountains,New Deannaborough,AS,52782,US,,,,"{""city"":""New Deannaborough"",""country"":""US"",""geocodeAccuracy"":null,""latitude"":null,""longitude"":null,""postalCode"":""52782"",""state"":""AS"",""street"":""30590 Ashley Mountains""}",3578009895,,,8971835689,,,,anna.leonard@example.com,,,,,1982-03-22,,005Ec000004oBPNIA2,,,,,2024-01-23T02:22:55.000+0000,005Ec000004oBPNIA2,2024-01-23T02:22:55.000+0000,005Ec000004oBPNIA2,2024-01-23T17:49:49.000+0000,2023-07-05,,,,,,,,/services/images/photo/003Ec00000Cz324IAB,,,,crm_contact_99,female,Yes,Ellis-Douglas,62282,Data processing manager,Bachelor's Degree,Rent,DL6785033204,a00Ec000009WFusIAG
